subject_id,story,relationship,repeating,alternating,none,understood,pass_attention
52cfab01d2c1a35a2c219d1bc794c579,fundraising,more,5,2,2,yes,TRUE
52cfab01d2c1a35a2c219d1bc794c579,group project,equal,2,2,1,yes,TRUE
52cfab01d2c1a35a2c219d1bc794c579,babysitting,less,4,5,1,yes,TRUE
52cfab01d2c1a35a2c219d1bc794c579,restaurant,more,1,5,1,yes,TRUE
52cfab01d2c1a35a2c219d1bc794c579,meeting location,less,2,3,0,yes,TRUE
52cfab01d2c1a35a2c219d1bc794c579,weekend,more,2,3,0,yes,TRUE
52cfab01d2c1a35a2c219d1bc794c579,scheduling,less,2,4,2,yes,TRUE
52cfab01d2c1a35a2c219d1bc794c579,housemates,more,2,3,2,yes,TRUE
52cfab01d2c1a35a2c219d1bc794c579,family meals,equal,1,3,0,yes,TRUE
52cfab01d2c1a35a2c219d1bc794c579,architects,more,6,2,1,yes,TRUE
52cfab01d2c1a35a2c219d1bc794c579,groceries,less,0,2,5,yes,TRUE
52cfab01d2c1a35a2c219d1bc794c579,coffee,more,2,4,2,yes,TRUE
52cfab01d2c1a35a2c219d1bc794c579,gifts,equal,1,4,3,yes,TRUE
52cfab01d2c1a35a2c219d1bc794c579,police,equal,1,3,1,yes,TRUE
52cfab01d2c1a35a2c219d1bc794c579,meeting prep,less,5,2,1,yes,TRUE
52cfab01d2c1a35a2c219d1bc794c579,conversation,equal,1,3,1,yes,TRUE
52cfab01d2c1a35a2c219d1bc794c579,concerts,equal,1,4,1,yes,TRUE
52cfab01d2c1a35a2c219d1bc794c579,feedback,less,2,3,3,yes,TRUE
96f8b997aa93b2375643a651033e22c5,groceries,equal,4,5,2,yes,TRUE
96f8b997aa93b2375643a651033e22c5,conversation,more,5,1,1,yes,TRUE
96f8b997aa93b2375643a651033e22c5,weekend,more,5,4,1,yes,TRUE
96f8b997aa93b2375643a651033e22c5,housemates,equal,4,3,1,yes,TRUE
96f8b997aa93b2375643a651033e22c5,concerts,less,4,5,1,yes,TRUE
96f8b997aa93b2375643a651033e22c5,architects,less,5,2,1,yes,TRUE
96f8b997aa93b2375643a651033e22c5,babysitting,less,5,1,1,yes,TRUE
96f8b997aa93b2375643a651033e22c5,scheduling,equal,5,1,1,yes,TRUE
96f8b997aa93b2375643a651033e22c5,meeting prep,more,5,5,0,yes,TRUE
96f8b997aa93b2375643a651033e22c5,police,more,2,5,1,yes,TRUE
96f8b997aa93b2375643a651033e22c5,group project,equal,5,1,1,yes,TRUE
96f8b997aa93b2375643a651033e22c5,feedback,less,5,2,1,yes,TRUE
96f8b997aa93b2375643a651033e22c5,coffee,more,5,1,1,yes,TRUE
96f8b997aa93b2375643a651033e22c5,fundraising,equal,5,1,0,yes,TRUE
96f8b997aa93b2375643a651033e22c5,meeting location,equal,4,1,2,yes,TRUE
96f8b997aa93b2375643a651033e22c5,family meals,less,4,2,1,yes,TRUE
96f8b997aa93b2375643a651033e22c5,gifts,more,5,1,1,yes,TRUE
96f8b997aa93b2375643a651033e22c5,restaurant,more,2,5,0,yes,TRUE
31e7f8a56459d5a4ca2bbadf3d388f8b,police,equal,1,5,0,yes,TRUE
31e7f8a56459d5a4ca2bbadf3d388f8b,fundraising,more,5,1,3,yes,TRUE
31e7f8a56459d5a4ca2bbadf3d388f8b,meeting prep,less,6,0,0,yes,TRUE
31e7f8a56459d5a4ca2bbadf3d388f8b,weekend,more,1,1,3,yes,TRUE
31e7f8a56459d5a4ca2bbadf3d388f8b,gifts,equal,3,4,0,yes,TRUE
31e7f8a56459d5a4ca2bbadf3d388f8b,groceries,less,4,1,3,yes,TRUE
31e7f8a56459d5a4ca2bbadf3d388f8b,scheduling,more,3,3,1,yes,TRUE
31e7f8a56459d5a4ca2bbadf3d388f8b,architects,equal,5,3,0,yes,TRUE
31e7f8a56459d5a4ca2bbadf3d388f8b,babysitting,more,3,2,3,yes,TRUE
31e7f8a56459d5a4ca2bbadf3d388f8b,restaurant,less,4,2,1,yes,TRUE
31e7f8a56459d5a4ca2bbadf3d388f8b,meeting location,less,5,1,0,yes,TRUE
31e7f8a56459d5a4ca2bbadf3d388f8b,family meals,equal,3,3,0,yes,TRUE
31e7f8a56459d5a4ca2bbadf3d388f8b,concerts,equal,2,5,0,yes,TRUE
31e7f8a56459d5a4ca2bbadf3d388f8b,conversation,less,4,2,0,yes,TRUE
31e7f8a56459d5a4ca2bbadf3d388f8b,feedback,less,3,3,0,yes,TRUE
31e7f8a56459d5a4ca2bbadf3d388f8b,housemates,equal,4,4,0,yes,TRUE
31e7f8a56459d5a4ca2bbadf3d388f8b,coffee,more,4,3,0,yes,TRUE
31e7f8a56459d5a4ca2bbadf3d388f8b,group project,less,4,2,0,yes,TRUE
79410a4be7cabe9f308f8597eabee962,housemates,less,5,2,0,yes,TRUE
79410a4be7cabe9f308f8597eabee962,weekend,less,2,4,1,yes,TRUE
79410a4be7cabe9f308f8597eabee962,concerts,more,4,2,1,yes,TRUE
79410a4be7cabe9f308f8597eabee962,meeting location,more,6,1,1,yes,TRUE
79410a4be7cabe9f308f8597eabee962,coffee,less,3,4,1,yes,TRUE
79410a4be7cabe9f308f8597eabee962,police,more,3,4,0,yes,TRUE
79410a4be7cabe9f308f8597eabee962,conversation,less,3,3,0,yes,TRUE
79410a4be7cabe9f308f8597eabee962,scheduling,equal,2,4,0,yes,TRUE
79410a4be7cabe9f308f8597eabee962,babysitting,equal,2,4,1,yes,TRUE
79410a4be7cabe9f308f8597eabee962,meeting prep,equal,4,3,0,yes,TRUE
79410a4be7cabe9f308f8597eabee962,family meals,less,4,3,2,yes,TRUE
79410a4be7cabe9f308f8597eabee962,restaurant,equal,2,5,1,yes,TRUE
79410a4be7cabe9f308f8597eabee962,group project,more,5,1,1,yes,TRUE
79410a4be7cabe9f308f8597eabee962,gifts,more,3,2,1,yes,TRUE
79410a4be7cabe9f308f8597eabee962,feedback,equal,4,4,1,yes,TRUE
79410a4be7cabe9f308f8597eabee962,fundraising,less,4,2,2,yes,TRUE
79410a4be7cabe9f308f8597eabee962,architects,less,4,3,1,yes,TRUE
79410a4be7cabe9f308f8597eabee962,groceries,equal,3,4,2,yes,TRUE
59c9614b515d34bb271bf43bf19749ae,housemates,less,5,4,4,yes,TRUE
59c9614b515d34bb271bf43bf19749ae,gifts,less,4,5,0,yes,TRUE
59c9614b515d34bb271bf43bf19749ae,restaurant,equal,4,6,0,yes,TRUE
59c9614b515d34bb271bf43bf19749ae,fundraising,less,5,5,0,yes,TRUE
59c9614b515d34bb271bf43bf19749ae,babysitting,more,5,5,3,yes,TRUE
59c9614b515d34bb271bf43bf19749ae,architects,equal,6,5,0,yes,TRUE
59c9614b515d34bb271bf43bf19749ae,conversation,less,6,4,0,yes,TRUE
59c9614b515d34bb271bf43bf19749ae,meeting prep,equal,6,6,0,yes,TRUE
59c9614b515d34bb271bf43bf19749ae,concerts,more,5,6,0,yes,TRUE
59c9614b515d34bb271bf43bf19749ae,police,equal,5,5,0,yes,TRUE
59c9614b515d34bb271bf43bf19749ae,coffee,equal,5,6,0,yes,TRUE
59c9614b515d34bb271bf43bf19749ae,meeting location,less,6,1,0,yes,TRUE
59c9614b515d34bb271bf43bf19749ae,family meals,equal,6,6,3,yes,TRUE
59c9614b515d34bb271bf43bf19749ae,feedback,more,6,4,2,yes,TRUE
59c9614b515d34bb271bf43bf19749ae,group project,more,6,4,1,yes,TRUE
59c9614b515d34bb271bf43bf19749ae,weekend,less,5,5,5,yes,TRUE
59c9614b515d34bb271bf43bf19749ae,scheduling,more,5,5,3,yes,TRUE
59c9614b515d34bb271bf43bf19749ae,groceries,less,5,6,1,yes,TRUE
57f0966989844f4f75901da0c8127505,concerts,more,5,4,5,yes,TRUE
57f0966989844f4f75901da0c8127505,fundraising,less,5,5,5,yes,TRUE
57f0966989844f4f75901da0c8127505,gifts,less,2,1,2,yes,TRUE
57f0966989844f4f75901da0c8127505,babysitting,more,5,1,1,yes,TRUE
57f0966989844f4f75901da0c8127505,coffee,equal,5,1,2,yes,TRUE
57f0966989844f4f75901da0c8127505,restaurant,less,5,1,2,yes,TRUE
57f0966989844f4f75901da0c8127505,meeting location,less,6,1,2,yes,TRUE
57f0966989844f4f75901da0c8127505,weekend,less,2,5,2,yes,TRUE
57f0966989844f4f75901da0c8127505,groceries,less,5,2,1,yes,TRUE
57f0966989844f4f75901da0c8127505,police,equal,5,2,1,yes,TRUE
57f0966989844f4f75901da0c8127505,meeting prep,equal,5,1,1,yes,TRUE
57f0966989844f4f75901da0c8127505,family meals,equal,6,1,1,yes,TRUE
57f0966989844f4f75901da0c8127505,feedback,equal,5,2,1,yes,TRUE
57f0966989844f4f75901da0c8127505,group project,more,5,1,2,yes,TRUE
57f0966989844f4f75901da0c8127505,architects,equal,6,2,1,yes,TRUE
57f0966989844f4f75901da0c8127505,housemates,more,5,2,1,yes,TRUE
57f0966989844f4f75901da0c8127505,scheduling,more,1,5,2,yes,TRUE
57f0966989844f4f75901da0c8127505,conversation,less,5,1,1,yes,TRUE
e63b6eb4847980fe4070711d03e6e320,fundraising,more,NA,1,0,yes,TRUE
e63b6eb4847980fe4070711d03e6e320,architects,more,5,1,0,yes,TRUE
e63b6eb4847980fe4070711d03e6e320,babysitting,more,5,4,1,yes,TRUE
e63b6eb4847980fe4070711d03e6e320,coffee,more,5,NA,2,yes,TRUE
e63b6eb4847980fe4070711d03e6e320,meeting prep,less,5,1,0,yes,TRUE
e63b6eb4847980fe4070711d03e6e320,police,equal,4,4,0,yes,TRUE
e63b6eb4847980fe4070711d03e6e320,scheduling,less,5,2,0,yes,TRUE
e63b6eb4847980fe4070711d03e6e320,groceries,less,4,5,2,yes,TRUE
e63b6eb4847980fe4070711d03e6e320,group project,less,4,4,1,yes,TRUE
e63b6eb4847980fe4070711d03e6e320,concerts,equal,2,5,2,yes,TRUE
e63b6eb4847980fe4070711d03e6e320,gifts,equal,2,5,2,yes,TRUE
e63b6eb4847980fe4070711d03e6e320,restaurant,more,2,5,1,yes,TRUE
e63b6eb4847980fe4070711d03e6e320,feedback,less,4,4,1,yes,TRUE
e63b6eb4847980fe4070711d03e6e320,housemates,equal,4,2,1,yes,TRUE
e63b6eb4847980fe4070711d03e6e320,family meals,equal,2,5,0,yes,TRUE
e63b6eb4847980fe4070711d03e6e320,weekend,more,1,1,0,yes,TRUE
e63b6eb4847980fe4070711d03e6e320,conversation,equal,2,5,0,yes,TRUE
e63b6eb4847980fe4070711d03e6e320,meeting location,less,5,1,0,yes,TRUE
a444d381d9af0d1d12a0d0738f150fc8,coffee,equal,3,5,5,yes,TRUE
a444d381d9af0d1d12a0d0738f150fc8,babysitting,equal,3,3,4,yes,TRUE
a444d381d9af0d1d12a0d0738f150fc8,meeting prep,less,5,2,3,yes,TRUE
a444d381d9af0d1d12a0d0738f150fc8,weekend,less,1,1,3,yes,TRUE
a444d381d9af0d1d12a0d0738f150fc8,meeting location,less,5,0,1,yes,TRUE
a444d381d9af0d1d12a0d0738f150fc8,concerts,more,2,5,1,yes,TRUE
a444d381d9af0d1d12a0d0738f150fc8,architects,equal,6,1,1,yes,TRUE
a444d381d9af0d1d12a0d0738f150fc8,scheduling,more,1,5,1,yes,TRUE
a444d381d9af0d1d12a0d0738f150fc8,feedback,equal,5,5,2,yes,TRUE
a444d381d9af0d1d12a0d0738f150fc8,police,equal,2,5,1,yes,TRUE
a444d381d9af0d1d12a0d0738f150fc8,group project,more,5,1,1,yes,TRUE
a444d381d9af0d1d12a0d0738f150fc8,restaurant,less,3,4,3,yes,TRUE
a444d381d9af0d1d12a0d0738f150fc8,gifts,less,2,4,3,yes,TRUE
a444d381d9af0d1d12a0d0738f150fc8,fundraising,more,5,2,2,yes,TRUE
a444d381d9af0d1d12a0d0738f150fc8,family meals,equal,5,3,1,yes,TRUE
a444d381d9af0d1d12a0d0738f150fc8,groceries,less,5,5,3,yes,TRUE
a444d381d9af0d1d12a0d0738f150fc8,conversation,less,3,3,0,yes,TRUE
a444d381d9af0d1d12a0d0738f150fc8,housemates,more,3,1,1,yes,TRUE
ab22fd1f4a95178b6b1664200361d28a,housemates,less,5,2,0,yes,TRUE
ab22fd1f4a95178b6b1664200361d28a,meeting prep,equal,4,2,0,yes,TRUE
ab22fd1f4a95178b6b1664200361d28a,concerts,less,3,3,0,yes,TRUE
ab22fd1f4a95178b6b1664200361d28a,coffee,equal,3,3,0,yes,TRUE
ab22fd1f4a95178b6b1664200361d28a,architects,more,6,3,0,yes,TRUE
ab22fd1f4a95178b6b1664200361d28a,gifts,equal,3,3,1,yes,TRUE
ab22fd1f4a95178b6b1664200361d28a,fundraising,less,5,1,3,yes,TRUE
ab22fd1f4a95178b6b1664200361d28a,conversation,less,3,3,0,yes,TRUE
ab22fd1f4a95178b6b1664200361d28a,family meals,more,1,3,0,yes,TRUE
ab22fd1f4a95178b6b1664200361d28a,police,more,3,5,0,yes,TRUE
ab22fd1f4a95178b6b1664200361d28a,feedback,more,6,1,0,yes,TRUE
ab22fd1f4a95178b6b1664200361d28a,babysitting,more,6,6,0,yes,TRUE
ab22fd1f4a95178b6b1664200361d28a,meeting location,equal,3,3,0,yes,TRUE
ab22fd1f4a95178b6b1664200361d28a,weekend,equal,3,4,0,yes,TRUE
ab22fd1f4a95178b6b1664200361d28a,groceries,less,3,3,0,yes,TRUE
ab22fd1f4a95178b6b1664200361d28a,restaurant,equal,2,5,0,yes,TRUE
ab22fd1f4a95178b6b1664200361d28a,scheduling,less,3,3,0,yes,TRUE
ab22fd1f4a95178b6b1664200361d28a,group project,less,3,3,0,yes,TRUE
ff57a709f1f214158fe90ee62e3a4e9b,groceries,equal,2,5,0,yes,TRUE
ff57a709f1f214158fe90ee62e3a4e9b,meeting prep,equal,3,5,0,yes,TRUE
ff57a709f1f214158fe90ee62e3a4e9b,group project,more,5,3,1,yes,TRUE
ff57a709f1f214158fe90ee62e3a4e9b,housemates,less,3,5,0,yes,TRUE
ff57a709f1f214158fe90ee62e3a4e9b,fundraising,less,6,5,0,yes,TRUE
ff57a709f1f214158fe90ee62e3a4e9b,scheduling,equal,3,3,3,yes,TRUE
ff57a709f1f214158fe90ee62e3a4e9b,architects,more,6,5,0,yes,TRUE
ff57a709f1f214158fe90ee62e3a4e9b,concerts,more,4,5,1,yes,TRUE
ff57a709f1f214158fe90ee62e3a4e9b,babysitting,equal,4,4,1,yes,TRUE
ff57a709f1f214158fe90ee62e3a4e9b,gifts,less,4,5,0,yes,TRUE
ff57a709f1f214158fe90ee62e3a4e9b,police,more,4,5,1,yes,TRUE
ff57a709f1f214158fe90ee62e3a4e9b,family meals,less,4,5,1,yes,TRUE
ff57a709f1f214158fe90ee62e3a4e9b,weekend,equal,4,4,2,yes,TRUE
ff57a709f1f214158fe90ee62e3a4e9b,restaurant,equal,5,5,0,yes,TRUE
ff57a709f1f214158fe90ee62e3a4e9b,meeting location,more,5,5,0,yes,TRUE
ff57a709f1f214158fe90ee62e3a4e9b,feedback,more,5,5,1,yes,TRUE
ff57a709f1f214158fe90ee62e3a4e9b,conversation,more,5,5,0,yes,TRUE
ff57a709f1f214158fe90ee62e3a4e9b,coffee,less,5,5,0,yes,TRUE
3f0adf2e91f396e34ba82f0f89da304b,babysitting,less,5,4,1,yes,TRUE
3f0adf2e91f396e34ba82f0f89da304b,weekend,less,4,2,0,yes,TRUE
3f0adf2e91f396e34ba82f0f89da304b,police,equal,3,4,0,yes,TRUE
3f0adf2e91f396e34ba82f0f89da304b,concerts,equal,2,4,0,yes,TRUE
3f0adf2e91f396e34ba82f0f89da304b,family meals,more,4,3,0,yes,TRUE
3f0adf2e91f396e34ba82f0f89da304b,coffee,more,5,3,0,yes,TRUE
3f0adf2e91f396e34ba82f0f89da304b,meeting location,equal,3,3,0,yes,TRUE
3f0adf2e91f396e34ba82f0f89da304b,architects,equal,5,3,0,yes,TRUE
3f0adf2e91f396e34ba82f0f89da304b,conversation,less,2,4,0,yes,TRUE
3f0adf2e91f396e34ba82f0f89da304b,housemates,more,5,0,0,yes,TRUE
3f0adf2e91f396e34ba82f0f89da304b,groceries,less,1,1,2,yes,TRUE
3f0adf2e91f396e34ba82f0f89da304b,meeting prep,less,6,0,0,yes,TRUE
3f0adf2e91f396e34ba82f0f89da304b,scheduling,less,4,2,1,yes,TRUE
3f0adf2e91f396e34ba82f0f89da304b,group project,equal,4,2,1,yes,TRUE
3f0adf2e91f396e34ba82f0f89da304b,gifts,more,4,0,1,yes,TRUE
3f0adf2e91f396e34ba82f0f89da304b,restaurant,less,3,3,0,yes,TRUE
3f0adf2e91f396e34ba82f0f89da304b,fundraising,more,6,0,1,yes,TRUE
3f0adf2e91f396e34ba82f0f89da304b,feedback,equal,3,4,2,yes,TRUE
f55b8d838d08b4baa7ce32443ff78d72,concerts,less,1,1,1,yes,TRUE
f55b8d838d08b4baa7ce32443ff78d72,architects,equal,5,5,1,yes,TRUE
f55b8d838d08b4baa7ce32443ff78d72,coffee,equal,1,5,0,yes,TRUE
f55b8d838d08b4baa7ce32443ff78d72,babysitting,more,2,5,0,yes,TRUE
f55b8d838d08b4baa7ce32443ff78d72,meeting location,less,6,1,0,yes,TRUE
f55b8d838d08b4baa7ce32443ff78d72,groceries,more,1,2,5,yes,TRUE
f55b8d838d08b4baa7ce32443ff78d72,police,less,4,2,0,yes,TRUE
f55b8d838d08b4baa7ce32443ff78d72,weekend,equal,2,4,0,yes,TRUE
f55b8d838d08b4baa7ce32443ff78d72,gifts,less,1,1,1,yes,TRUE
f55b8d838d08b4baa7ce32443ff78d72,meeting prep,more,1,5,0,yes,TRUE
f55b8d838d08b4baa7ce32443ff78d72,family meals,equal,1,5,0,yes,TRUE
f55b8d838d08b4baa7ce32443ff78d72,housemates,equal,1,1,0,yes,TRUE
f55b8d838d08b4baa7ce32443ff78d72,scheduling,more,4,4,0,yes,TRUE
f55b8d838d08b4baa7ce32443ff78d72,conversation,more,5,1,0,yes,TRUE
f55b8d838d08b4baa7ce32443ff78d72,fundraising,equal,5,5,0,yes,TRUE
f55b8d838d08b4baa7ce32443ff78d72,group project,less,1,5,0,yes,TRUE
f55b8d838d08b4baa7ce32443ff78d72,restaurant,more,1,4,0,yes,TRUE
f55b8d838d08b4baa7ce32443ff78d72,feedback,more,5,2,0,yes,TRUE
19d668aeea0ece97e3d874b077208919,concerts,less,1,5,1,yes,TRUE
19d668aeea0ece97e3d874b077208919,meeting location,less,6,1,1,yes,TRUE
19d668aeea0ece97e3d874b077208919,weekend,more,3,5,3,yes,TRUE
19d668aeea0ece97e3d874b077208919,babysitting,more,4,3,1,yes,TRUE
19d668aeea0ece97e3d874b077208919,group project,less,5,6,2,yes,TRUE
19d668aeea0ece97e3d874b077208919,housemates,equal,2,2,0,yes,TRUE
19d668aeea0ece97e3d874b077208919,fundraising,equal,3,3,5,yes,TRUE
19d668aeea0ece97e3d874b077208919,coffee,equal,1,3,1,yes,TRUE
19d668aeea0ece97e3d874b077208919,scheduling,more,5,5,2,yes,TRUE
19d668aeea0ece97e3d874b077208919,police,equal,1,1,0,yes,TRUE
19d668aeea0ece97e3d874b077208919,family meals,equal,4,4,1,yes,TRUE
19d668aeea0ece97e3d874b077208919,feedback,more,5,2,3,yes,TRUE
19d668aeea0ece97e3d874b077208919,gifts,equal,4,4,3,yes,TRUE
19d668aeea0ece97e3d874b077208919,restaurant,more,5,6,4,yes,TRUE
19d668aeea0ece97e3d874b077208919,architects,more,4,5,3,yes,TRUE
19d668aeea0ece97e3d874b077208919,conversation,more,5,3,0,yes,TRUE
19d668aeea0ece97e3d874b077208919,meeting prep,less,6,1,1,yes,TRUE
19d668aeea0ece97e3d874b077208919,groceries,less,2,4,5,yes,TRUE
0e08d88eebf2bf82923b7f1c6fe7c198,concerts,equal,1,5,1,yes,FALSE
0e08d88eebf2bf82923b7f1c6fe7c198,gifts,more,3,5,2,yes,FALSE
0e08d88eebf2bf82923b7f1c6fe7c198,scheduling,less,3,4,2,yes,FALSE
0e08d88eebf2bf82923b7f1c6fe7c198,police,more,1,5,1,yes,FALSE
0e08d88eebf2bf82923b7f1c6fe7c198,meeting location,equal,1,5,1,yes,FALSE
0e08d88eebf2bf82923b7f1c6fe7c198,fundraising,less,5,3,1,yes,FALSE
0e08d88eebf2bf82923b7f1c6fe7c198,restaurant,less,3,4,1,yes,FALSE
0e08d88eebf2bf82923b7f1c6fe7c198,groceries,less,4,3,1,yes,FALSE
0e08d88eebf2bf82923b7f1c6fe7c198,feedback,equal,3,3,1,yes,FALSE
0e08d88eebf2bf82923b7f1c6fe7c198,coffee,more,3,3,1,yes,FALSE
0e08d88eebf2bf82923b7f1c6fe7c198,group project,equal,3,4,1,yes,FALSE
0e08d88eebf2bf82923b7f1c6fe7c198,conversation,less,3,4,1,yes,FALSE
0e08d88eebf2bf82923b7f1c6fe7c198,housemates,more,3,4,0,yes,FALSE
0e08d88eebf2bf82923b7f1c6fe7c198,family meals,more,3,4,1,yes,FALSE
0e08d88eebf2bf82923b7f1c6fe7c198,architects,equal,3,4,0,yes,FALSE
0e08d88eebf2bf82923b7f1c6fe7c198,meeting prep,equal,3,4,0,yes,FALSE
0e08d88eebf2bf82923b7f1c6fe7c198,weekend,less,3,3,0,yes,FALSE
0e08d88eebf2bf82923b7f1c6fe7c198,babysitting,less,3,4,0,yes,FALSE
d2c596180c4ae8a3ab854652ac6d4de9,conversation,less,4,4,1,yes,TRUE
d2c596180c4ae8a3ab854652ac6d4de9,meeting location,equal,4,3,4,yes,TRUE
d2c596180c4ae8a3ab854652ac6d4de9,police,more,3,1,1,yes,TRUE
d2c596180c4ae8a3ab854652ac6d4de9,babysitting,more,5,3,1,yes,TRUE
d2c596180c4ae8a3ab854652ac6d4de9,scheduling,less,5,2,3,yes,TRUE
d2c596180c4ae8a3ab854652ac6d4de9,meeting prep,equal,5,2,0,yes,TRUE
d2c596180c4ae8a3ab854652ac6d4de9,concerts,less,5,1,0,yes,TRUE
d2c596180c4ae8a3ab854652ac6d4de9,weekend,equal,3,3,1,yes,TRUE
d2c596180c4ae8a3ab854652ac6d4de9,housemates,less,3,3,3,yes,TRUE
d2c596180c4ae8a3ab854652ac6d4de9,family meals,more,5,1,0,yes,TRUE
d2c596180c4ae8a3ab854652ac6d4de9,fundraising,less,4,3,1,yes,TRUE
d2c596180c4ae8a3ab854652ac6d4de9,gifts,equal,2,4,2,yes,TRUE
d2c596180c4ae8a3ab854652ac6d4de9,architects,more,6,1,3,yes,TRUE
d2c596180c4ae8a3ab854652ac6d4de9,groceries,less,4,3,0,yes,TRUE
d2c596180c4ae8a3ab854652ac6d4de9,group project,less,1,5,3,yes,TRUE
d2c596180c4ae8a3ab854652ac6d4de9,coffee,equal,3,3,1,yes,TRUE
d2c596180c4ae8a3ab854652ac6d4de9,restaurant,equal,2,4,1,yes,TRUE
d2c596180c4ae8a3ab854652ac6d4de9,feedback,more,4,4,1,yes,TRUE
e58b2d8bee34acc1506149f916ed9192,meeting location,equal,3,4,3,yes,FALSE
e58b2d8bee34acc1506149f916ed9192,police,more,4,3,4,yes,FALSE
e58b2d8bee34acc1506149f916ed9192,family meals,less,5,3,4,yes,FALSE
e58b2d8bee34acc1506149f916ed9192,babysitting,less,4,4,NA,yes,FALSE
e58b2d8bee34acc1506149f916ed9192,architects,less,4,3,4,yes,FALSE
e58b2d8bee34acc1506149f916ed9192,gifts,more,4,3,4,yes,FALSE
e58b2d8bee34acc1506149f916ed9192,concerts,less,4,3,4,yes,FALSE
e58b2d8bee34acc1506149f916ed9192,meeting prep,more,4,3,3,yes,FALSE
e58b2d8bee34acc1506149f916ed9192,conversation,more,4,5,1,yes,FALSE
e58b2d8bee34acc1506149f916ed9192,housemates,equal,5,3,4,yes,FALSE
e58b2d8bee34acc1506149f916ed9192,coffee,more,5,3,4,yes,FALSE
e58b2d8bee34acc1506149f916ed9192,group project,equal,5,3,4,yes,FALSE
e58b2d8bee34acc1506149f916ed9192,groceries,equal,4,4,3,yes,FALSE
e58b2d8bee34acc1506149f916ed9192,scheduling,equal,4,3,4,yes,FALSE
e58b2d8bee34acc1506149f916ed9192,fundraising,equal,4,4,3,yes,FALSE
e58b2d8bee34acc1506149f916ed9192,feedback,less,4,4,NA,yes,FALSE
e58b2d8bee34acc1506149f916ed9192,restaurant,more,4,3,4,yes,FALSE
e58b2d8bee34acc1506149f916ed9192,weekend,more,4,3,4,yes,FALSE
94959ca7bbaa66f2a616563e7a26ed93,housemates,equal,4,2,0,yes,TRUE
94959ca7bbaa66f2a616563e7a26ed93,meeting location,more,3,3,0,yes,TRUE
94959ca7bbaa66f2a616563e7a26ed93,restaurant,more,1,5,0,yes,TRUE
94959ca7bbaa66f2a616563e7a26ed93,feedback,less,4,4,0,yes,TRUE
94959ca7bbaa66f2a616563e7a26ed93,conversation,equal,5,1,0,yes,TRUE
94959ca7bbaa66f2a616563e7a26ed93,family meals,less,2,4,0,yes,TRUE
94959ca7bbaa66f2a616563e7a26ed93,gifts,more,0,3,4,yes,TRUE
94959ca7bbaa66f2a616563e7a26ed93,scheduling,equal,3,3,0,yes,TRUE
94959ca7bbaa66f2a616563e7a26ed93,police,less,4,0,0,yes,TRUE
94959ca7bbaa66f2a616563e7a26ed93,babysitting,equal,1,5,0,yes,TRUE
94959ca7bbaa66f2a616563e7a26ed93,architects,less,5,1,0,yes,TRUE
94959ca7bbaa66f2a616563e7a26ed93,fundraising,more,4,1,0,yes,TRUE
94959ca7bbaa66f2a616563e7a26ed93,concerts,equal,0,6,0,yes,TRUE
94959ca7bbaa66f2a616563e7a26ed93,coffee,less,1,5,0,yes,TRUE
94959ca7bbaa66f2a616563e7a26ed93,meeting prep,less,5,1,0,yes,TRUE
94959ca7bbaa66f2a616563e7a26ed93,weekend,more,3,3,0,yes,TRUE
94959ca7bbaa66f2a616563e7a26ed93,groceries,more,3,3,1,yes,TRUE
94959ca7bbaa66f2a616563e7a26ed93,group project,equal,4,4,0,yes,TRUE
b566782e65ca3ab5eed20b4b595f2c2a,meeting prep,less,5,0,1,yes,TRUE
b566782e65ca3ab5eed20b4b595f2c2a,concerts,equal,5,3,0,yes,TRUE
b566782e65ca3ab5eed20b4b595f2c2a,housemates,equal,6,6,0,yes,TRUE
b566782e65ca3ab5eed20b4b595f2c2a,architects,equal,6,2,0,yes,TRUE
b566782e65ca3ab5eed20b4b595f2c2a,group project,less,5,3,0,yes,TRUE
b566782e65ca3ab5eed20b4b595f2c2a,conversation,less,6,0,0,yes,TRUE
b566782e65ca3ab5eed20b4b595f2c2a,feedback,equal,6,4,0,yes,TRUE
b566782e65ca3ab5eed20b4b595f2c2a,meeting location,less,6,0,0,yes,TRUE
b566782e65ca3ab5eed20b4b595f2c2a,restaurant,less,4,2,0,yes,TRUE
b566782e65ca3ab5eed20b4b595f2c2a,family meals,equal,6,0,0,yes,TRUE
b566782e65ca3ab5eed20b4b595f2c2a,babysitting,more,6,0,0,yes,TRUE
b566782e65ca3ab5eed20b4b595f2c2a,weekend,less,2,6,0,yes,TRUE
b566782e65ca3ab5eed20b4b595f2c2a,fundraising,more,6,4,0,yes,TRUE
b566782e65ca3ab5eed20b4b595f2c2a,police,equal,4,0,0,yes,TRUE
b566782e65ca3ab5eed20b4b595f2c2a,gifts,more,6,4,0,yes,TRUE
b566782e65ca3ab5eed20b4b595f2c2a,groceries,less,6,4,0,yes,TRUE
b566782e65ca3ab5eed20b4b595f2c2a,scheduling,more,6,0,0,yes,TRUE
b566782e65ca3ab5eed20b4b595f2c2a,coffee,more,6,0,0,yes,TRUE
a20e1de4d182b82a1bed58895c5c86ab,groceries,more,3,3,3,yes,TRUE
a20e1de4d182b82a1bed58895c5c86ab,weekend,more,4,3,2,yes,TRUE
a20e1de4d182b82a1bed58895c5c86ab,fundraising,equal,4,4,3,yes,TRUE
a20e1de4d182b82a1bed58895c5c86ab,conversation,equal,2,3,3,yes,TRUE
a20e1de4d182b82a1bed58895c5c86ab,restaurant,more,2,4,2,yes,TRUE
a20e1de4d182b82a1bed58895c5c86ab,family meals,less,2,4,2,yes,TRUE
a20e1de4d182b82a1bed58895c5c86ab,meeting location,more,3,4,2,yes,TRUE
a20e1de4d182b82a1bed58895c5c86ab,coffee,less,2,3,2,yes,TRUE
a20e1de4d182b82a1bed58895c5c86ab,babysitting,less,3,3,2,yes,TRUE
a20e1de4d182b82a1bed58895c5c86ab,housemates,equal,4,5,3,yes,TRUE
a20e1de4d182b82a1bed58895c5c86ab,meeting prep,more,2,3,2,yes,TRUE
a20e1de4d182b82a1bed58895c5c86ab,group project,equal,3,4,0,yes,TRUE
a20e1de4d182b82a1bed58895c5c86ab,scheduling,equal,4,2,2,yes,TRUE
a20e1de4d182b82a1bed58895c5c86ab,architects,less,4,3,2,yes,TRUE
a20e1de4d182b82a1bed58895c5c86ab,concerts,equal,3,3,2,yes,TRUE
a20e1de4d182b82a1bed58895c5c86ab,feedback,less,3,2,4,yes,TRUE
a20e1de4d182b82a1bed58895c5c86ab,gifts,more,4,4,0,yes,TRUE
a20e1de4d182b82a1bed58895c5c86ab,police,less,3,3,0,yes,TRUE
458096344e95b8414fef7c820582540b,meeting location,less,4,5,2,yes,TRUE
458096344e95b8414fef7c820582540b,babysitting,more,4,4,2,yes,TRUE
458096344e95b8414fef7c820582540b,housemates,less,6,3,2,yes,TRUE
458096344e95b8414fef7c820582540b,family meals,more,2,4,0,yes,TRUE
458096344e95b8414fef7c820582540b,police,equal,3,3,0,yes,TRUE
458096344e95b8414fef7c820582540b,concerts,more,6,1,1,yes,TRUE
458096344e95b8414fef7c820582540b,meeting prep,equal,5,3,0,yes,TRUE
458096344e95b8414fef7c820582540b,group project,more,6,0,2,yes,TRUE
458096344e95b8414fef7c820582540b,coffee,equal,3,3,2,yes,TRUE
458096344e95b8414fef7c820582540b,fundraising,less,4,2,1,yes,TRUE
458096344e95b8414fef7c820582540b,feedback,more,6,1,1,yes,TRUE
458096344e95b8414fef7c820582540b,weekend,equal,3,2,2,yes,TRUE
458096344e95b8414fef7c820582540b,conversation,less,3,3,0,yes,TRUE
458096344e95b8414fef7c820582540b,scheduling,less,4,4,3,yes,TRUE
458096344e95b8414fef7c820582540b,groceries,less,6,5,1,yes,TRUE
458096344e95b8414fef7c820582540b,restaurant,equal,1,5,0,yes,TRUE
458096344e95b8414fef7c820582540b,gifts,less,3,4,3,yes,TRUE
458096344e95b8414fef7c820582540b,architects,equal,6,3,0,yes,TRUE
c645afd772b7e1ead246d3f7650a6a8a,architects,more,6,6,3,yes,FALSE
c645afd772b7e1ead246d3f7650a6a8a,housemates,less,6,6,3,yes,FALSE
c645afd772b7e1ead246d3f7650a6a8a,gifts,equal,0,0,0,yes,FALSE
c645afd772b7e1ead246d3f7650a6a8a,scheduling,less,6,6,6,yes,FALSE
c645afd772b7e1ead246d3f7650a6a8a,feedback,more,6,6,3,yes,FALSE
c645afd772b7e1ead246d3f7650a6a8a,restaurant,equal,6,6,6,yes,FALSE
c645afd772b7e1ead246d3f7650a6a8a,weekend,equal,3,3,3,yes,FALSE
c645afd772b7e1ead246d3f7650a6a8a,meeting prep,equal,3,3,3,yes,FALSE
c645afd772b7e1ead246d3f7650a6a8a,groceries,less,0,0,0,yes,FALSE
c645afd772b7e1ead246d3f7650a6a8a,police,equal,6,6,3,yes,FALSE
c645afd772b7e1ead246d3f7650a6a8a,babysitting,more,6,6,3,yes,FALSE
c645afd772b7e1ead246d3f7650a6a8a,group project,less,6,3,3,yes,FALSE
c645afd772b7e1ead246d3f7650a6a8a,family meals,more,6,3,3,yes,FALSE
c645afd772b7e1ead246d3f7650a6a8a,coffee,equal,3,3,3,yes,FALSE
c645afd772b7e1ead246d3f7650a6a8a,conversation,less,3,3,3,yes,FALSE
c645afd772b7e1ead246d3f7650a6a8a,meeting location,less,3,6,3,yes,FALSE
c645afd772b7e1ead246d3f7650a6a8a,concerts,more,3,3,3,yes,FALSE
c645afd772b7e1ead246d3f7650a6a8a,fundraising,less,3,3,3,yes,FALSE
6c094d75fa538c8395ec7682f9d026b0,fundraising,less,4,1,1,yes,TRUE
6c094d75fa538c8395ec7682f9d026b0,groceries,equal,4,4,0,yes,TRUE
6c094d75fa538c8395ec7682f9d026b0,scheduling,less,4,2,0,yes,TRUE
6c094d75fa538c8395ec7682f9d026b0,babysitting,less,3,4,1,yes,TRUE
6c094d75fa538c8395ec7682f9d026b0,weekend,less,2,4,0,yes,TRUE
6c094d75fa538c8395ec7682f9d026b0,restaurant,less,1,4,0,yes,TRUE
6c094d75fa538c8395ec7682f9d026b0,concerts,equal,4,2,1,yes,TRUE
6c094d75fa538c8395ec7682f9d026b0,housemates,more,5,0,0,yes,TRUE
6c094d75fa538c8395ec7682f9d026b0,meeting prep,equal,4,2,0,yes,TRUE
6c094d75fa538c8395ec7682f9d026b0,feedback,equal,4,4,1,yes,TRUE
6c094d75fa538c8395ec7682f9d026b0,group project,equal,4,3,NA,yes,TRUE
6c094d75fa538c8395ec7682f9d026b0,meeting location,equal,3,3,0,yes,TRUE
6c094d75fa538c8395ec7682f9d026b0,coffee,more,2,4,0,yes,TRUE
6c094d75fa538c8395ec7682f9d026b0,conversation,less,2,4,0,yes,TRUE
6c094d75fa538c8395ec7682f9d026b0,family meals,more,2,3,0,yes,TRUE
6c094d75fa538c8395ec7682f9d026b0,gifts,more,3,0,1,yes,TRUE
6c094d75fa538c8395ec7682f9d026b0,police,more,2,4,0,yes,TRUE
6c094d75fa538c8395ec7682f9d026b0,architects,less,6,2,0,yes,TRUE
46e123d7f2054e0594789dad05386758,meeting location,less,5,6,1,yes,TRUE
46e123d7f2054e0594789dad05386758,babysitting,more,5,4,1,yes,TRUE
46e123d7f2054e0594789dad05386758,group project,less,5,4,1,yes,TRUE
46e123d7f2054e0594789dad05386758,fundraising,more,5,4,1,yes,TRUE
46e123d7f2054e0594789dad05386758,concerts,less,5,6,1,yes,TRUE
46e123d7f2054e0594789dad05386758,coffee,equal,5,4,1,yes,TRUE
46e123d7f2054e0594789dad05386758,weekend,more,5,4,1,yes,TRUE
46e123d7f2054e0594789dad05386758,restaurant,more,5,4,1,yes,TRUE
46e123d7f2054e0594789dad05386758,feedback,less,5,6,0,yes,TRUE
46e123d7f2054e0594789dad05386758,groceries,more,6,5,1,yes,TRUE
46e123d7f2054e0594789dad05386758,architects,less,6,5,0,yes,TRUE
46e123d7f2054e0594789dad05386758,police,equal,5,6,1,yes,TRUE
46e123d7f2054e0594789dad05386758,family meals,equal,5,4,1,yes,TRUE
46e123d7f2054e0594789dad05386758,scheduling,more,5,4,1,yes,TRUE
46e123d7f2054e0594789dad05386758,meeting prep,less,5,4,0,yes,TRUE
46e123d7f2054e0594789dad05386758,gifts,equal,5,4,0,yes,TRUE
46e123d7f2054e0594789dad05386758,housemates,equal,5,4,1,yes,TRUE
46e123d7f2054e0594789dad05386758,conversation,equal,5,4,1,yes,TRUE
963528810e9ea8e6f2484959ab2d11f7,police,less,5,5,1,yes,TRUE
963528810e9ea8e6f2484959ab2d11f7,group project,equal,5,4,1,yes,TRUE
963528810e9ea8e6f2484959ab2d11f7,coffee,less,5,5,0,yes,TRUE
963528810e9ea8e6f2484959ab2d11f7,groceries,more,4,5,1,yes,TRUE
963528810e9ea8e6f2484959ab2d11f7,architects,less,4,5,1,yes,TRUE
963528810e9ea8e6f2484959ab2d11f7,housemates,equal,4,5,0,yes,TRUE
963528810e9ea8e6f2484959ab2d11f7,fundraising,equal,4,5,1,yes,TRUE
963528810e9ea8e6f2484959ab2d11f7,restaurant,more,5,5,0,yes,TRUE
963528810e9ea8e6f2484959ab2d11f7,weekend,more,5,5,0,yes,TRUE
963528810e9ea8e6f2484959ab2d11f7,conversation,equal,5,5,0,yes,TRUE
963528810e9ea8e6f2484959ab2d11f7,babysitting,less,5,5,0,yes,TRUE
963528810e9ea8e6f2484959ab2d11f7,feedback,less,5,5,0,yes,TRUE
963528810e9ea8e6f2484959ab2d11f7,meeting location,more,5,5,0,yes,TRUE
963528810e9ea8e6f2484959ab2d11f7,scheduling,equal,5,5,0,yes,TRUE
963528810e9ea8e6f2484959ab2d11f7,concerts,equal,5,5,0,yes,TRUE
963528810e9ea8e6f2484959ab2d11f7,gifts,more,4,5,0,yes,TRUE
963528810e9ea8e6f2484959ab2d11f7,meeting prep,more,5,5,0,yes,TRUE
963528810e9ea8e6f2484959ab2d11f7,family meals,less,5,5,0,yes,TRUE
53bbfdd083b87898aaa1b19391a14c67,gifts,less,5,4,4,yes,TRUE
53bbfdd083b87898aaa1b19391a14c67,meeting prep,more,2,5,0,yes,TRUE
53bbfdd083b87898aaa1b19391a14c67,feedback,more,6,6,0,yes,TRUE
53bbfdd083b87898aaa1b19391a14c67,babysitting,equal,5,5,2,yes,TRUE
53bbfdd083b87898aaa1b19391a14c67,restaurant,equal,4,5,1,yes,TRUE
53bbfdd083b87898aaa1b19391a14c67,conversation,more,6,2,0,yes,TRUE
53bbfdd083b87898aaa1b19391a14c67,coffee,equal,4,4,0,yes,TRUE
53bbfdd083b87898aaa1b19391a14c67,police,less,4,4,0,yes,TRUE
53bbfdd083b87898aaa1b19391a14c67,architects,equal,6,6,0,yes,TRUE
53bbfdd083b87898aaa1b19391a14c67,housemates,less,3,2,0,yes,TRUE
53bbfdd083b87898aaa1b19391a14c67,weekend,equal,3,3,0,yes,TRUE
53bbfdd083b87898aaa1b19391a14c67,meeting location,more,4,5,0,yes,TRUE
53bbfdd083b87898aaa1b19391a14c67,concerts,less,5,5,2,yes,TRUE
53bbfdd083b87898aaa1b19391a14c67,family meals,less,5,5,1,yes,TRUE
53bbfdd083b87898aaa1b19391a14c67,groceries,more,4,5,3,yes,TRUE
53bbfdd083b87898aaa1b19391a14c67,scheduling,more,4,4,3,yes,TRUE
53bbfdd083b87898aaa1b19391a14c67,fundraising,equal,5,4,1,yes,TRUE
53bbfdd083b87898aaa1b19391a14c67,group project,more,6,0,1,yes,TRUE
741a742cff4dcad2c4fcabf97a99b699,babysitting,equal,5,6,1,yes,TRUE
741a742cff4dcad2c4fcabf97a99b699,police,less,4,2,1,yes,TRUE
741a742cff4dcad2c4fcabf97a99b699,concerts,less,3,4,0,yes,TRUE
741a742cff4dcad2c4fcabf97a99b699,meeting prep,more,5,2,1,yes,TRUE
741a742cff4dcad2c4fcabf97a99b699,fundraising,equal,4,5,1,yes,TRUE
741a742cff4dcad2c4fcabf97a99b699,scheduling,more,2,5,2,yes,TRUE
741a742cff4dcad2c4fcabf97a99b699,gifts,equal,3,2,3,yes,TRUE
741a742cff4dcad2c4fcabf97a99b699,feedback,less,NA,2,3,yes,TRUE
741a742cff4dcad2c4fcabf97a99b699,restaurant,more,2,5,4,yes,TRUE
741a742cff4dcad2c4fcabf97a99b699,weekend,more,2,6,4,yes,TRUE
741a742cff4dcad2c4fcabf97a99b699,meeting location,less,1,1,0,yes,TRUE
741a742cff4dcad2c4fcabf97a99b699,coffee,equal,2,1,3,yes,TRUE
741a742cff4dcad2c4fcabf97a99b699,housemates,equal,1,5,0,yes,TRUE
741a742cff4dcad2c4fcabf97a99b699,group project,more,6,1,2,yes,TRUE
741a742cff4dcad2c4fcabf97a99b699,family meals,less,2,5,0,yes,TRUE
741a742cff4dcad2c4fcabf97a99b699,groceries,more,0,1,4,yes,TRUE
741a742cff4dcad2c4fcabf97a99b699,conversation,equal,3,3,1,yes,TRUE
741a742cff4dcad2c4fcabf97a99b699,architects,less,5,4,1,yes,TRUE
4b5719c06add8a825f1940735e953677,meeting location,more,3,3,1,yes,TRUE
4b5719c06add8a825f1940735e953677,conversation,equal,4,2,1,yes,TRUE
4b5719c06add8a825f1940735e953677,babysitting,equal,3,4,0,yes,TRUE
4b5719c06add8a825f1940735e953677,fundraising,more,2,4,1,yes,TRUE
4b5719c06add8a825f1940735e953677,family meals,equal,1,5,0,yes,TRUE
4b5719c06add8a825f1940735e953677,group project,more,4,2,0,yes,TRUE
4b5719c06add8a825f1940735e953677,weekend,less,1,5,1,yes,TRUE
4b5719c06add8a825f1940735e953677,coffee,less,1,5,1,yes,TRUE
4b5719c06add8a825f1940735e953677,police,less,4,2,0,yes,TRUE
4b5719c06add8a825f1940735e953677,scheduling,more,2,4,1,yes,TRUE
4b5719c06add8a825f1940735e953677,feedback,equal,4,4,1,yes,TRUE
4b5719c06add8a825f1940735e953677,architects,equal,5,3,0,yes,TRUE
4b5719c06add8a825f1940735e953677,concerts,equal,0,6,0,yes,TRUE
4b5719c06add8a825f1940735e953677,meeting prep,less,6,0,0,yes,TRUE
4b5719c06add8a825f1940735e953677,gifts,less,3,3,3,yes,TRUE
4b5719c06add8a825f1940735e953677,housemates,more,3,3,0,yes,TRUE
4b5719c06add8a825f1940735e953677,groceries,more,4,4,1,yes,TRUE
4b5719c06add8a825f1940735e953677,restaurant,less,2,4,0,yes,TRUE
cfb596431342cab7239a5101f388f400,meeting prep,less,6,5,0,yes,TRUE
cfb596431342cab7239a5101f388f400,babysitting,equal,4,5,1,yes,TRUE
cfb596431342cab7239a5101f388f400,feedback,equal,6,6,0,yes,TRUE
cfb596431342cab7239a5101f388f400,fundraising,more,5,2,0,yes,TRUE
cfb596431342cab7239a5101f388f400,scheduling,more,1,4,0,yes,TRUE
cfb596431342cab7239a5101f388f400,housemates,more,5,6,0,yes,TRUE
cfb596431342cab7239a5101f388f400,architects,equal,6,6,1,yes,TRUE
cfb596431342cab7239a5101f388f400,group project,more,5,0,1,yes,TRUE
cfb596431342cab7239a5101f388f400,police,equal,4,5,0,yes,TRUE
cfb596431342cab7239a5101f388f400,weekend,less,2,1,5,yes,TRUE
cfb596431342cab7239a5101f388f400,meeting location,less,4,1,0,yes,TRUE
cfb596431342cab7239a5101f388f400,restaurant,less,5,4,1,yes,TRUE
cfb596431342cab7239a5101f388f400,conversation,less,5,2,0,yes,TRUE
cfb596431342cab7239a5101f388f400,groceries,less,4,6,1,yes,TRUE
cfb596431342cab7239a5101f388f400,family meals,equal,2,5,0,yes,TRUE
cfb596431342cab7239a5101f388f400,coffee,equal,5,6,0,yes,TRUE
cfb596431342cab7239a5101f388f400,concerts,more,6,4,1,yes,TRUE
cfb596431342cab7239a5101f388f400,gifts,less,5,6,0,yes,TRUE
4698416902032d6d78dcc303af152875,conversation,more,5,5,0,yes,TRUE
4698416902032d6d78dcc303af152875,architects,more,6,1,0,yes,TRUE
4698416902032d6d78dcc303af152875,police,more,2,2,0,yes,TRUE
4698416902032d6d78dcc303af152875,fundraising,equal,5,2,0,yes,TRUE
4698416902032d6d78dcc303af152875,feedback,less,5,6,1,yes,TRUE
4698416902032d6d78dcc303af152875,scheduling,less,1,5,2,yes,TRUE
4698416902032d6d78dcc303af152875,restaurant,more,2,2,1,yes,TRUE
4698416902032d6d78dcc303af152875,weekend,equal,4,4,1,yes,TRUE
4698416902032d6d78dcc303af152875,gifts,equal,4,4,0,yes,TRUE
4698416902032d6d78dcc303af152875,babysitting,less,2,5,0,yes,TRUE
4698416902032d6d78dcc303af152875,concerts,less,2,4,0,yes,TRUE
4698416902032d6d78dcc303af152875,groceries,equal,2,4,1,yes,TRUE
4698416902032d6d78dcc303af152875,meeting location,equal,2,4,1,yes,TRUE
4698416902032d6d78dcc303af152875,meeting prep,more,2,5,1,yes,TRUE
4698416902032d6d78dcc303af152875,coffee,more,1,6,1,yes,TRUE
4698416902032d6d78dcc303af152875,housemates,equal,1,5,1,yes,TRUE
4698416902032d6d78dcc303af152875,group project,less,1,5,2,yes,TRUE
4698416902032d6d78dcc303af152875,family meals,more,5,5,0,yes,TRUE
d72be25229f4cba5814548529bfc52a0,family meals,equal,5,2,0,yes,TRUE
d72be25229f4cba5814548529bfc52a0,feedback,equal,4,4,0,yes,TRUE
d72be25229f4cba5814548529bfc52a0,architects,less,6,5,0,yes,TRUE
d72be25229f4cba5814548529bfc52a0,weekend,less,4,4,0,yes,TRUE
d72be25229f4cba5814548529bfc52a0,restaurant,less,5,3,0,yes,TRUE
d72be25229f4cba5814548529bfc52a0,scheduling,more,5,3,0,yes,TRUE
d72be25229f4cba5814548529bfc52a0,police,less,6,1,0,yes,TRUE
d72be25229f4cba5814548529bfc52a0,meeting prep,less,6,1,0,yes,TRUE
d72be25229f4cba5814548529bfc52a0,fundraising,more,6,1,0,yes,TRUE
d72be25229f4cba5814548529bfc52a0,concerts,equal,1,6,0,yes,TRUE
d72be25229f4cba5814548529bfc52a0,groceries,more,3,1,4,yes,TRUE
d72be25229f4cba5814548529bfc52a0,group project,equal,5,3,0,yes,TRUE
d72be25229f4cba5814548529bfc52a0,gifts,more,3,5,3,yes,TRUE
d72be25229f4cba5814548529bfc52a0,housemates,more,6,0,0,yes,TRUE
d72be25229f4cba5814548529bfc52a0,coffee,less,3,3,0,yes,TRUE
d72be25229f4cba5814548529bfc52a0,babysitting,equal,5,5,0,yes,TRUE
d72be25229f4cba5814548529bfc52a0,conversation,equal,3,3,0,yes,TRUE
d72be25229f4cba5814548529bfc52a0,meeting location,more,5,5,0,yes,TRUE
e21c0535b85fd52c494d77d4f313326d,scheduling,more,6,5,3,yes,TRUE
e21c0535b85fd52c494d77d4f313326d,fundraising,equal,5,6,5,yes,TRUE
e21c0535b85fd52c494d77d4f313326d,weekend,equal,6,4,5,yes,TRUE
e21c0535b85fd52c494d77d4f313326d,meeting location,more,6,4,3,yes,TRUE
e21c0535b85fd52c494d77d4f313326d,gifts,less,6,3,5,yes,TRUE
e21c0535b85fd52c494d77d4f313326d,restaurant,equal,6,3,4,yes,TRUE
e21c0535b85fd52c494d77d4f313326d,housemates,equal,5,6,4,yes,TRUE
e21c0535b85fd52c494d77d4f313326d,conversation,more,5,6,5,yes,TRUE
e21c0535b85fd52c494d77d4f313326d,coffee,equal,4,5,4,yes,TRUE
e21c0535b85fd52c494d77d4f313326d,babysitting,more,5,4,5,yes,TRUE
e21c0535b85fd52c494d77d4f313326d,meeting prep,more,5,3,5,yes,TRUE
e21c0535b85fd52c494d77d4f313326d,concerts,less,5,3,5,yes,TRUE
e21c0535b85fd52c494d77d4f313326d,group project,less,3,4,4,yes,TRUE
e21c0535b85fd52c494d77d4f313326d,groceries,more,5,3,2,yes,TRUE
e21c0535b85fd52c494d77d4f313326d,architects,equal,5,4,5,yes,TRUE
e21c0535b85fd52c494d77d4f313326d,police,less,5,4,3,yes,TRUE
e21c0535b85fd52c494d77d4f313326d,family meals,less,5,3,4,yes,TRUE
e21c0535b85fd52c494d77d4f313326d,feedback,more,4,4,3,yes,TRUE
e2f422d118deeefef873293f3daac838,housemates,equal,5,4,0,yes,TRUE
e2f422d118deeefef873293f3daac838,gifts,equal,5,2,1,yes,TRUE
e2f422d118deeefef873293f3daac838,restaurant,more,4,4,1,yes,TRUE
e2f422d118deeefef873293f3daac838,concerts,equal,4,5,0,yes,TRUE
e2f422d118deeefef873293f3daac838,meeting location,less,5,2,0,yes,TRUE
e2f422d118deeefef873293f3daac838,police,equal,4,4,0,yes,TRUE
e2f422d118deeefef873293f3daac838,fundraising,more,5,2,0,yes,TRUE
e2f422d118deeefef873293f3daac838,groceries,less,4,4,1,yes,TRUE
e2f422d118deeefef873293f3daac838,meeting prep,less,5,1,0,yes,TRUE
e2f422d118deeefef873293f3daac838,coffee,more,4,4,0,yes,TRUE
e2f422d118deeefef873293f3daac838,feedback,less,5,5,0,yes,TRUE
e2f422d118deeefef873293f3daac838,conversation,equal,5,2,0,yes,TRUE
e2f422d118deeefef873293f3daac838,scheduling,less,5,2,0,yes,TRUE
e2f422d118deeefef873293f3daac838,babysitting,more,5,2,1,yes,TRUE
e2f422d118deeefef873293f3daac838,weekend,more,4,4,1,yes,TRUE
e2f422d118deeefef873293f3daac838,family meals,equal,4,4,0,yes,TRUE
e2f422d118deeefef873293f3daac838,group project,less,2,5,0,yes,TRUE
e2f422d118deeefef873293f3daac838,architects,more,5,2,0,yes,TRUE
3178d901a2649819abcab1a49146580d,gifts,equal,4,5,1,yes,TRUE
3178d901a2649819abcab1a49146580d,feedback,less,2,5,1,yes,TRUE
3178d901a2649819abcab1a49146580d,architects,more,6,1,1,yes,TRUE
3178d901a2649819abcab1a49146580d,babysitting,less,2,1,6,yes,TRUE
3178d901a2649819abcab1a49146580d,weekend,more,1,1,2,yes,TRUE
3178d901a2649819abcab1a49146580d,housemates,more,0,1,0,yes,TRUE
3178d901a2649819abcab1a49146580d,group project,equal,4,2,1,yes,TRUE
3178d901a2649819abcab1a49146580d,conversation,equal,5,1,1,yes,TRUE
3178d901a2649819abcab1a49146580d,coffee,more,1,1,1,yes,TRUE
3178d901a2649819abcab1a49146580d,fundraising,more,6,3,1,yes,TRUE
3178d901a2649819abcab1a49146580d,police,equal,0,5,0,yes,TRUE
3178d901a2649819abcab1a49146580d,family meals,equal,0,1,1,yes,TRUE
3178d901a2649819abcab1a49146580d,groceries,less,0,1,6,yes,TRUE
3178d901a2649819abcab1a49146580d,restaurant,more,0,4,1,yes,TRUE
3178d901a2649819abcab1a49146580d,concerts,equal,0,2,1,yes,TRUE
3178d901a2649819abcab1a49146580d,meeting location,less,6,0,1,yes,TRUE
3178d901a2649819abcab1a49146580d,meeting prep,less,6,5,1,yes,TRUE
3178d901a2649819abcab1a49146580d,scheduling,less,0,3,3,yes,TRUE
9d93f561b45414b70844c345a8750732,family meals,more,3,5,0,yes,TRUE
9d93f561b45414b70844c345a8750732,housemates,more,6,3,0,yes,TRUE
9d93f561b45414b70844c345a8750732,restaurant,less,3,6,3,yes,TRUE
9d93f561b45414b70844c345a8750732,group project,equal,1,6,2,yes,TRUE
9d93f561b45414b70844c345a8750732,gifts,equal,5,6,2,yes,TRUE
9d93f561b45414b70844c345a8750732,police,equal,2,4,0,yes,TRUE
9d93f561b45414b70844c345a8750732,scheduling,less,4,3,1,yes,TRUE
9d93f561b45414b70844c345a8750732,weekend,more,1,5,4,yes,TRUE
9d93f561b45414b70844c345a8750732,concerts,equal,1,5,0,yes,TRUE
9d93f561b45414b70844c345a8750732,groceries,less,5,5,0,yes,TRUE
9d93f561b45414b70844c345a8750732,architects,more,5,1,0,yes,TRUE
9d93f561b45414b70844c345a8750732,coffee,more,4,4,0,yes,TRUE
9d93f561b45414b70844c345a8750732,babysitting,less,5,3,1,yes,TRUE
9d93f561b45414b70844c345a8750732,meeting prep,less,6,1,0,yes,TRUE
9d93f561b45414b70844c345a8750732,conversation,equal,5,1,0,yes,TRUE
9d93f561b45414b70844c345a8750732,fundraising,more,6,0,3,yes,TRUE
9d93f561b45414b70844c345a8750732,feedback,less,6,2,3,yes,TRUE
9d93f561b45414b70844c345a8750732,meeting location,equal,5,5,0,yes,TRUE
c1d7dbcefb9c54230ed2ba4a15eb3925,meeting prep,more,5,5,2,yes,TRUE
c1d7dbcefb9c54230ed2ba4a15eb3925,housemates,less,5,5,3,yes,TRUE
c1d7dbcefb9c54230ed2ba4a15eb3925,group project,less,4,5,5,yes,TRUE
c1d7dbcefb9c54230ed2ba4a15eb3925,fundraising,equal,4,5,4,yes,TRUE
c1d7dbcefb9c54230ed2ba4a15eb3925,conversation,more,5,5,4,yes,TRUE
c1d7dbcefb9c54230ed2ba4a15eb3925,babysitting,less,4,5,4,yes,TRUE
c1d7dbcefb9c54230ed2ba4a15eb3925,police,more,5,4,4,yes,TRUE
c1d7dbcefb9c54230ed2ba4a15eb3925,feedback,more,4,4,3,yes,TRUE
c1d7dbcefb9c54230ed2ba4a15eb3925,concerts,less,5,5,3,yes,TRUE
c1d7dbcefb9c54230ed2ba4a15eb3925,scheduling,less,5,4,4,yes,TRUE
c1d7dbcefb9c54230ed2ba4a15eb3925,architects,more,4,5,4,yes,TRUE
c1d7dbcefb9c54230ed2ba4a15eb3925,weekend,equal,4,5,4,yes,TRUE
c1d7dbcefb9c54230ed2ba4a15eb3925,gifts,equal,5,4,4,yes,TRUE
c1d7dbcefb9c54230ed2ba4a15eb3925,meeting location,equal,5,4,4,yes,TRUE
c1d7dbcefb9c54230ed2ba4a15eb3925,restaurant,equal,4,5,2,yes,TRUE
c1d7dbcefb9c54230ed2ba4a15eb3925,family meals,more,5,4,5,yes,TRUE
c1d7dbcefb9c54230ed2ba4a15eb3925,groceries,equal,4,5,3,yes,TRUE
c1d7dbcefb9c54230ed2ba4a15eb3925,coffee,more,4,5,4,yes,TRUE
17fcb5a2efb0feb0e8077f411dcda6f8,coffee,less,5,2,1,yes,TRUE
17fcb5a2efb0feb0e8077f411dcda6f8,family meals,more,5,1,1,yes,TRUE
17fcb5a2efb0feb0e8077f411dcda6f8,meeting location,more,1,6,0,yes,TRUE
17fcb5a2efb0feb0e8077f411dcda6f8,babysitting,less,5,5,2,yes,TRUE
17fcb5a2efb0feb0e8077f411dcda6f8,groceries,equal,2,6,2,yes,TRUE
17fcb5a2efb0feb0e8077f411dcda6f8,meeting prep,equal,2,5,0,yes,TRUE
17fcb5a2efb0feb0e8077f411dcda6f8,housemates,less,2,4,1,yes,TRUE
17fcb5a2efb0feb0e8077f411dcda6f8,concerts,more,5,3,1,yes,TRUE
17fcb5a2efb0feb0e8077f411dcda6f8,conversation,more,5,1,0,yes,TRUE
17fcb5a2efb0feb0e8077f411dcda6f8,police,more,4,1,1,yes,TRUE
17fcb5a2efb0feb0e8077f411dcda6f8,fundraising,less,0,5,2,yes,TRUE
17fcb5a2efb0feb0e8077f411dcda6f8,architects,more,5,2,1,yes,TRUE
17fcb5a2efb0feb0e8077f411dcda6f8,weekend,equal,2,4,1,yes,TRUE
17fcb5a2efb0feb0e8077f411dcda6f8,gifts,less,3,4,2,yes,TRUE
17fcb5a2efb0feb0e8077f411dcda6f8,feedback,more,5,1,3,yes,TRUE
17fcb5a2efb0feb0e8077f411dcda6f8,restaurant,equal,1,5,2,yes,TRUE
17fcb5a2efb0feb0e8077f411dcda6f8,scheduling,equal,4,2,1,yes,TRUE
17fcb5a2efb0feb0e8077f411dcda6f8,group project,equal,2,3,0,yes,TRUE
44ed1ac7d5c1005326f6d84bc655c36a,architects,equal,5,1,2,yes,TRUE
44ed1ac7d5c1005326f6d84bc655c36a,scheduling,equal,1,5,1,yes,TRUE
44ed1ac7d5c1005326f6d84bc655c36a,meeting location,more,5,1,1,yes,TRUE
44ed1ac7d5c1005326f6d84bc655c36a,babysitting,equal,2,5,1,yes,TRUE
44ed1ac7d5c1005326f6d84bc655c36a,restaurant,equal,1,5,1,yes,TRUE
44ed1ac7d5c1005326f6d84bc655c36a,groceries,equal,1,5,1,yes,TRUE
44ed1ac7d5c1005326f6d84bc655c36a,fundraising,less,1,5,1,yes,TRUE
44ed1ac7d5c1005326f6d84bc655c36a,group project,more,6,0,1,yes,TRUE
44ed1ac7d5c1005326f6d84bc655c36a,coffee,less,5,0,1,yes,TRUE
44ed1ac7d5c1005326f6d84bc655c36a,gifts,less,1,5,1,yes,TRUE
44ed1ac7d5c1005326f6d84bc655c36a,feedback,equal,1,5,1,yes,TRUE
44ed1ac7d5c1005326f6d84bc655c36a,police,more,1,5,1,yes,TRUE
44ed1ac7d5c1005326f6d84bc655c36a,conversation,less,1,5,1,yes,TRUE
44ed1ac7d5c1005326f6d84bc655c36a,housemates,less,2,1,5,yes,TRUE
44ed1ac7d5c1005326f6d84bc655c36a,family meals,less,1,5,1,yes,TRUE
44ed1ac7d5c1005326f6d84bc655c36a,meeting prep,more,1,5,1,yes,TRUE
44ed1ac7d5c1005326f6d84bc655c36a,weekend,less,5,2,1,yes,TRUE
44ed1ac7d5c1005326f6d84bc655c36a,concerts,more,6,0,1,yes,TRUE
93b6fe016812c44b95c44a2d12ddac2f,scheduling,equal,1,6,1,yes,TRUE
93b6fe016812c44b95c44a2d12ddac2f,weekend,more,0,4,4,yes,TRUE
93b6fe016812c44b95c44a2d12ddac2f,conversation,more,5,1,0,yes,TRUE
93b6fe016812c44b95c44a2d12ddac2f,meeting location,more,5,2,0,yes,TRUE
93b6fe016812c44b95c44a2d12ddac2f,fundraising,equal,1,5,1,yes,TRUE
93b6fe016812c44b95c44a2d12ddac2f,family meals,less,4,4,1,yes,TRUE
93b6fe016812c44b95c44a2d12ddac2f,feedback,less,5,1,0,yes,TRUE
93b6fe016812c44b95c44a2d12ddac2f,meeting prep,more,3,5,0,yes,TRUE
93b6fe016812c44b95c44a2d12ddac2f,gifts,more,1,5,4,yes,TRUE
93b6fe016812c44b95c44a2d12ddac2f,groceries,equal,5,5,2,yes,TRUE
93b6fe016812c44b95c44a2d12ddac2f,restaurant,more,1,6,1,yes,TRUE
93b6fe016812c44b95c44a2d12ddac2f,housemates,equal,1,5,0,yes,TRUE
93b6fe016812c44b95c44a2d12ddac2f,concerts,equal,2,4,1,yes,TRUE
93b6fe016812c44b95c44a2d12ddac2f,architects,less,5,2,0,yes,TRUE
93b6fe016812c44b95c44a2d12ddac2f,babysitting,less,2,3,0,yes,TRUE
93b6fe016812c44b95c44a2d12ddac2f,police,less,5,1,0,yes,TRUE
93b6fe016812c44b95c44a2d12ddac2f,group project,equal,4,4,2,yes,TRUE
93b6fe016812c44b95c44a2d12ddac2f,coffee,more,3,4,1,yes,TRUE
d2882aea0204c9c4632a9e431cc73d0c,weekend,less,5,5,1,yes,TRUE
d2882aea0204c9c4632a9e431cc73d0c,feedback,equal,6,5,0,yes,TRUE
d2882aea0204c9c4632a9e431cc73d0c,restaurant,less,4,5,0,yes,TRUE
d2882aea0204c9c4632a9e431cc73d0c,groceries,more,4,5,0,yes,TRUE
d2882aea0204c9c4632a9e431cc73d0c,housemates,more,1,4,4,yes,TRUE
d2882aea0204c9c4632a9e431cc73d0c,architects,less,6,4,2,yes,TRUE
d2882aea0204c9c4632a9e431cc73d0c,meeting location,more,4,4,1,yes,TRUE
d2882aea0204c9c4632a9e431cc73d0c,babysitting,equal,5,5,2,yes,TRUE
d2882aea0204c9c4632a9e431cc73d0c,conversation,equal,5,1,1,yes,TRUE
d2882aea0204c9c4632a9e431cc73d0c,family meals,equal,5,4,0,yes,TRUE
d2882aea0204c9c4632a9e431cc73d0c,fundraising,more,1,3,0,yes,TRUE
d2882aea0204c9c4632a9e431cc73d0c,meeting prep,less,5,2,4,yes,TRUE
d2882aea0204c9c4632a9e431cc73d0c,gifts,more,2,4,NA,yes,TRUE
d2882aea0204c9c4632a9e431cc73d0c,concerts,equal,6,6,0,yes,TRUE
d2882aea0204c9c4632a9e431cc73d0c,group project,equal,5,2,0,yes,TRUE
d2882aea0204c9c4632a9e431cc73d0c,coffee,less,5,5,0,yes,TRUE
d2882aea0204c9c4632a9e431cc73d0c,scheduling,more,0,4,0,yes,TRUE
d2882aea0204c9c4632a9e431cc73d0c,police,less,4,4,0,yes,TRUE
010785aeb453269f90f6c98e6258be63,gifts,more,5,5,1,yes,TRUE
010785aeb453269f90f6c98e6258be63,police,equal,1,6,0,yes,TRUE
010785aeb453269f90f6c98e6258be63,coffee,more,1,5,1,yes,TRUE
010785aeb453269f90f6c98e6258be63,weekend,more,6,6,0,yes,TRUE
010785aeb453269f90f6c98e6258be63,family meals,more,6,3,0,yes,TRUE
010785aeb453269f90f6c98e6258be63,fundraising,more,6,5,0,yes,TRUE
010785aeb453269f90f6c98e6258be63,architects,less,6,4,0,yes,TRUE
010785aeb453269f90f6c98e6258be63,groceries,less,6,4,0,yes,TRUE
010785aeb453269f90f6c98e6258be63,meeting location,equal,4,4,0,yes,TRUE
010785aeb453269f90f6c98e6258be63,conversation,equal,6,4,1,yes,TRUE
010785aeb453269f90f6c98e6258be63,scheduling,less,4,2,1,yes,TRUE
010785aeb453269f90f6c98e6258be63,babysitting,less,6,4,1,yes,TRUE
010785aeb453269f90f6c98e6258be63,housemates,more,6,4,0,yes,TRUE
010785aeb453269f90f6c98e6258be63,group project,equal,6,4,0,yes,TRUE
010785aeb453269f90f6c98e6258be63,meeting prep,equal,6,2,0,yes,TRUE
010785aeb453269f90f6c98e6258be63,feedback,less,6,1,1,yes,TRUE
010785aeb453269f90f6c98e6258be63,concerts,equal,2,6,1,yes,TRUE
010785aeb453269f90f6c98e6258be63,restaurant,less,6,6,0,yes,TRUE
1d1b751b8ec334558e15b57192dcf9b3,coffee,less,5,4,1,yes,TRUE
1d1b751b8ec334558e15b57192dcf9b3,groceries,equal,4,5,1,yes,TRUE
1d1b751b8ec334558e15b57192dcf9b3,gifts,more,5,6,0,yes,TRUE
1d1b751b8ec334558e15b57192dcf9b3,housemates,less,6,5,0,yes,TRUE
1d1b751b8ec334558e15b57192dcf9b3,babysitting,equal,3,3,3,yes,TRUE
1d1b751b8ec334558e15b57192dcf9b3,weekend,less,3,4,3,yes,TRUE
1d1b751b8ec334558e15b57192dcf9b3,concerts,more,1,5,1,yes,TRUE
1d1b751b8ec334558e15b57192dcf9b3,family meals,more,5,5,1,yes,TRUE
1d1b751b8ec334558e15b57192dcf9b3,meeting prep,equal,4,4,1,yes,TRUE
1d1b751b8ec334558e15b57192dcf9b3,architects,less,5,4,3,yes,TRUE
1d1b751b8ec334558e15b57192dcf9b3,fundraising,less,5,5,3,yes,TRUE
1d1b751b8ec334558e15b57192dcf9b3,restaurant,less,3,3,3,yes,TRUE
1d1b751b8ec334558e15b57192dcf9b3,conversation,less,4,5,3,yes,TRUE
1d1b751b8ec334558e15b57192dcf9b3,meeting location,equal,5,4,3,yes,TRUE
1d1b751b8ec334558e15b57192dcf9b3,feedback,equal,5,5,1,yes,TRUE
1d1b751b8ec334558e15b57192dcf9b3,police,more,3,3,3,yes,TRUE
1d1b751b8ec334558e15b57192dcf9b3,group project,more,4,4,3,yes,TRUE
1d1b751b8ec334558e15b57192dcf9b3,scheduling,equal,3,3,2,yes,TRUE
949c8728681f2bd34cc7c9c339c07810,meeting location,equal,4,5,0,yes,TRUE
949c8728681f2bd34cc7c9c339c07810,restaurant,less,3,5,1,yes,TRUE
949c8728681f2bd34cc7c9c339c07810,architects,more,4,1,0,yes,TRUE
949c8728681f2bd34cc7c9c339c07810,scheduling,less,3,4,0,yes,TRUE
949c8728681f2bd34cc7c9c339c07810,meeting prep,less,3,5,0,yes,TRUE
949c8728681f2bd34cc7c9c339c07810,police,equal,3,6,0,yes,TRUE
949c8728681f2bd34cc7c9c339c07810,conversation,equal,4,5,0,yes,TRUE
949c8728681f2bd34cc7c9c339c07810,weekend,more,5,4,0,yes,TRUE
949c8728681f2bd34cc7c9c339c07810,housemates,more,3,4,0,yes,TRUE
949c8728681f2bd34cc7c9c339c07810,babysitting,less,5,2,4,yes,TRUE
949c8728681f2bd34cc7c9c339c07810,fundraising,more,2,5,1,yes,TRUE
949c8728681f2bd34cc7c9c339c07810,concerts,equal,2,5,0,yes,TRUE
949c8728681f2bd34cc7c9c339c07810,gifts,equal,2,5,0,yes,TRUE
949c8728681f2bd34cc7c9c339c07810,groceries,less,2,5,0,yes,TRUE
949c8728681f2bd34cc7c9c339c07810,coffee,more,1,5,0,yes,TRUE
949c8728681f2bd34cc7c9c339c07810,feedback,less,1,5,0,yes,TRUE
949c8728681f2bd34cc7c9c339c07810,family meals,more,2,5,0,yes,TRUE
949c8728681f2bd34cc7c9c339c07810,group project,equal,2,6,0,yes,TRUE
cfd89f7584f63390ee162bfb8b427401,architects,equal,5,5,0,yes,TRUE
cfd89f7584f63390ee162bfb8b427401,meeting location,equal,5,5,0,yes,TRUE
cfd89f7584f63390ee162bfb8b427401,babysitting,less,5,5,0,yes,TRUE
cfd89f7584f63390ee162bfb8b427401,group project,equal,6,4,0,yes,TRUE
cfd89f7584f63390ee162bfb8b427401,family meals,more,4,6,0,yes,TRUE
cfd89f7584f63390ee162bfb8b427401,concerts,more,4,6,0,yes,TRUE
cfd89f7584f63390ee162bfb8b427401,scheduling,less,5,5,0,yes,TRUE
cfd89f7584f63390ee162bfb8b427401,feedback,equal,5,5,0,yes,TRUE
cfd89f7584f63390ee162bfb8b427401,groceries,less,4,6,0,yes,TRUE
cfd89f7584f63390ee162bfb8b427401,fundraising,less,5,5,0,yes,TRUE
cfd89f7584f63390ee162bfb8b427401,weekend,less,5,5,0,yes,TRUE
cfd89f7584f63390ee162bfb8b427401,housemates,more,4,6,0,yes,TRUE
cfd89f7584f63390ee162bfb8b427401,gifts,more,4,6,0,yes,TRUE
cfd89f7584f63390ee162bfb8b427401,conversation,more,4,5,0,yes,TRUE
cfd89f7584f63390ee162bfb8b427401,police,more,4,5,0,yes,TRUE
cfd89f7584f63390ee162bfb8b427401,meeting prep,equal,4,6,1,yes,TRUE
cfd89f7584f63390ee162bfb8b427401,coffee,more,4,5,1,yes,TRUE
cfd89f7584f63390ee162bfb8b427401,restaurant,equal,4,5,1,yes,TRUE
2532b50789d7076f58f09216f81003aa,conversation,less,2,4,1,yes,TRUE
2532b50789d7076f58f09216f81003aa,babysitting,more,4,6,0,yes,TRUE
2532b50789d7076f58f09216f81003aa,group project,more,4,3,1,yes,TRUE
2532b50789d7076f58f09216f81003aa,meeting location,less,4,2,3,yes,TRUE
2532b50789d7076f58f09216f81003aa,housemates,more,4,5,0,yes,TRUE
2532b50789d7076f58f09216f81003aa,feedback,equal,4,3,1,yes,TRUE
2532b50789d7076f58f09216f81003aa,police,equal,4,3,1,yes,TRUE
2532b50789d7076f58f09216f81003aa,weekend,less,3,3,1,yes,TRUE
2532b50789d7076f58f09216f81003aa,family meals,equal,6,0,1,yes,TRUE
2532b50789d7076f58f09216f81003aa,gifts,less,5,2,1,yes,TRUE
2532b50789d7076f58f09216f81003aa,coffee,equal,3,1,0,yes,TRUE
2532b50789d7076f58f09216f81003aa,meeting prep,equal,5,6,0,yes,TRUE
2532b50789d7076f58f09216f81003aa,scheduling,more,1,5,0,yes,TRUE
2532b50789d7076f58f09216f81003aa,groceries,less,2,5,0,yes,TRUE
2532b50789d7076f58f09216f81003aa,fundraising,less,4,6,0,yes,TRUE
2532b50789d7076f58f09216f81003aa,concerts,more,5,1,0,yes,TRUE
2532b50789d7076f58f09216f81003aa,restaurant,less,1,6,0,yes,TRUE
2532b50789d7076f58f09216f81003aa,architects,equal,5,3,0,yes,TRUE
6f7a655202a2aef40396da89096d7630,police,less,6,6,0,yes,TRUE
6f7a655202a2aef40396da89096d7630,concerts,less,3,6,0,yes,TRUE
6f7a655202a2aef40396da89096d7630,meeting prep,more,4,6,0,yes,TRUE
6f7a655202a2aef40396da89096d7630,coffee,less,3,5,0,yes,TRUE
6f7a655202a2aef40396da89096d7630,family meals,less,5,4,0,yes,TRUE
6f7a655202a2aef40396da89096d7630,fundraising,equal,6,5,1,yes,TRUE
6f7a655202a2aef40396da89096d7630,conversation,equal,6,2,0,yes,TRUE
6f7a655202a2aef40396da89096d7630,weekend,equal,5,6,1,yes,TRUE
6f7a655202a2aef40396da89096d7630,scheduling,equal,6,5,1,yes,TRUE
6f7a655202a2aef40396da89096d7630,housemates,less,6,5,4,yes,TRUE
6f7a655202a2aef40396da89096d7630,gifts,less,0,6,3,yes,TRUE
6f7a655202a2aef40396da89096d7630,babysitting,equal,6,5,0,yes,TRUE
6f7a655202a2aef40396da89096d7630,architects,more,6,2,0,yes,TRUE
6f7a655202a2aef40396da89096d7630,meeting location,more,5,6,0,yes,TRUE
6f7a655202a2aef40396da89096d7630,group project,more,6,2,0,yes,TRUE
6f7a655202a2aef40396da89096d7630,restaurant,more,2,6,0,yes,TRUE
6f7a655202a2aef40396da89096d7630,feedback,more,6,3,1,yes,TRUE
6f7a655202a2aef40396da89096d7630,groceries,equal,5,6,0,yes,TRUE
7e670e17531cf6100eee50e6636e85aa,gifts,less,5,4,1,yes,TRUE
7e670e17531cf6100eee50e6636e85aa,housemates,less,2,5,1,yes,TRUE
7e670e17531cf6100eee50e6636e85aa,fundraising,less,4,4,1,yes,TRUE
7e670e17531cf6100eee50e6636e85aa,meeting prep,more,4,6,0,yes,TRUE
7e670e17531cf6100eee50e6636e85aa,architects,equal,6,4,0,yes,TRUE
7e670e17531cf6100eee50e6636e85aa,concerts,more,6,4,1,yes,TRUE
7e670e17531cf6100eee50e6636e85aa,groceries,more,3,4,1,yes,TRUE
7e670e17531cf6100eee50e6636e85aa,restaurant,equal,NA,4,2,yes,TRUE
7e670e17531cf6100eee50e6636e85aa,coffee,less,5,1,0,yes,TRUE
7e670e17531cf6100eee50e6636e85aa,family meals,less,1,3,1,yes,TRUE
7e670e17531cf6100eee50e6636e85aa,babysitting,equal,4,5,2,yes,TRUE
7e670e17531cf6100eee50e6636e85aa,feedback,equal,4,4,1,yes,TRUE
7e670e17531cf6100eee50e6636e85aa,meeting location,more,5,5,0,yes,TRUE
7e670e17531cf6100eee50e6636e85aa,police,less,5,1,0,yes,TRUE
7e670e17531cf6100eee50e6636e85aa,group project,more,5,1,2,yes,TRUE
7e670e17531cf6100eee50e6636e85aa,conversation,less,6,2,0,yes,TRUE
7e670e17531cf6100eee50e6636e85aa,weekend,equal,2,2,0,yes,TRUE
7e670e17531cf6100eee50e6636e85aa,scheduling,equal,4,4,2,yes,TRUE
4a509aa4165ec7d84074298d1f2bd4ab,family meals,equal,2,5,1,yes,TRUE
4a509aa4165ec7d84074298d1f2bd4ab,babysitting,more,2,6,1,yes,TRUE
4a509aa4165ec7d84074298d1f2bd4ab,groceries,less,1,6,1,yes,TRUE
4a509aa4165ec7d84074298d1f2bd4ab,group project,less,5,3,1,yes,TRUE
4a509aa4165ec7d84074298d1f2bd4ab,meeting prep,less,4,6,0,yes,TRUE
4a509aa4165ec7d84074298d1f2bd4ab,meeting location,equal,3,5,1,yes,TRUE
4a509aa4165ec7d84074298d1f2bd4ab,conversation,less,3,5,1,yes,TRUE
4a509aa4165ec7d84074298d1f2bd4ab,feedback,equal,4,6,0,yes,TRUE
4a509aa4165ec7d84074298d1f2bd4ab,gifts,more,4,4,0,yes,TRUE
4a509aa4165ec7d84074298d1f2bd4ab,coffee,more,4,5,0,yes,TRUE
4a509aa4165ec7d84074298d1f2bd4ab,housemates,more,5,0,0,yes,TRUE
4a509aa4165ec7d84074298d1f2bd4ab,concerts,equal,4,6,0,yes,TRUE
4a509aa4165ec7d84074298d1f2bd4ab,police,equal,4,5,0,yes,TRUE
4a509aa4165ec7d84074298d1f2bd4ab,fundraising,more,5,3,0,yes,TRUE
4a509aa4165ec7d84074298d1f2bd4ab,weekend,less,2,3,2,yes,TRUE
4a509aa4165ec7d84074298d1f2bd4ab,scheduling,less,2,5,1,yes,TRUE
4a509aa4165ec7d84074298d1f2bd4ab,architects,equal,5,4,0,yes,TRUE
4a509aa4165ec7d84074298d1f2bd4ab,restaurant,less,2,5,0,yes,TRUE
80160cad378dfdd0aecb88622299f39f,meeting prep,less,6,6,1,yes,TRUE
80160cad378dfdd0aecb88622299f39f,scheduling,equal,5,4,1,yes,TRUE
80160cad378dfdd0aecb88622299f39f,fundraising,more,6,6,0,yes,TRUE
80160cad378dfdd0aecb88622299f39f,group project,equal,5,6,0,yes,TRUE
80160cad378dfdd0aecb88622299f39f,gifts,more,6,5,0,yes,TRUE
80160cad378dfdd0aecb88622299f39f,conversation,equal,6,5,0,yes,TRUE
80160cad378dfdd0aecb88622299f39f,babysitting,equal,6,6,1,yes,TRUE
80160cad378dfdd0aecb88622299f39f,weekend,more,6,5,1,yes,TRUE
80160cad378dfdd0aecb88622299f39f,housemates,more,6,6,5,yes,TRUE
80160cad378dfdd0aecb88622299f39f,police,less,6,5,0,yes,TRUE
80160cad378dfdd0aecb88622299f39f,coffee,less,6,5,0,yes,TRUE
80160cad378dfdd0aecb88622299f39f,architects,less,5,5,0,yes,TRUE
80160cad378dfdd0aecb88622299f39f,feedback,equal,5,6,0,yes,TRUE
80160cad378dfdd0aecb88622299f39f,restaurant,less,6,4,6,yes,TRUE
80160cad378dfdd0aecb88622299f39f,groceries,more,6,5,0,yes,TRUE
80160cad378dfdd0aecb88622299f39f,concerts,equal,6,5,0,yes,TRUE
80160cad378dfdd0aecb88622299f39f,family meals,less,6,5,0,yes,TRUE
80160cad378dfdd0aecb88622299f39f,meeting location,more,6,5,1,yes,TRUE
1b88d2b93f78b89544b7b70088849906,meeting prep,less,5,2,0,yes,TRUE
1b88d2b93f78b89544b7b70088849906,groceries,less,5,5,1,yes,TRUE
1b88d2b93f78b89544b7b70088849906,group project,less,5,5,1,yes,TRUE
1b88d2b93f78b89544b7b70088849906,feedback,more,5,5,0,yes,TRUE
1b88d2b93f78b89544b7b70088849906,housemates,equal,5,NA,4,yes,TRUE
1b88d2b93f78b89544b7b70088849906,conversation,more,5,4,1,yes,TRUE
1b88d2b93f78b89544b7b70088849906,fundraising,equal,5,5,1,yes,TRUE
1b88d2b93f78b89544b7b70088849906,architects,more,6,4,0,yes,TRUE
1b88d2b93f78b89544b7b70088849906,coffee,equal,5,5,1,yes,TRUE
1b88d2b93f78b89544b7b70088849906,family meals,equal,5,5,1,yes,TRUE
1b88d2b93f78b89544b7b70088849906,meeting location,less,5,5,1,yes,TRUE
1b88d2b93f78b89544b7b70088849906,gifts,equal,5,5,0,yes,TRUE
1b88d2b93f78b89544b7b70088849906,concerts,less,5,2,0,yes,TRUE
1b88d2b93f78b89544b7b70088849906,weekend,more,5,4,0,yes,TRUE
1b88d2b93f78b89544b7b70088849906,restaurant,more,5,2,1,yes,TRUE
1b88d2b93f78b89544b7b70088849906,babysitting,more,5,4,0,yes,TRUE
1b88d2b93f78b89544b7b70088849906,scheduling,more,5,4,0,yes,TRUE
1b88d2b93f78b89544b7b70088849906,police,equal,5,3,0,yes,TRUE
8b8d17f7778c77eb5318f74402e1b942,weekend,more,5,6,1,yes,TRUE
8b8d17f7778c77eb5318f74402e1b942,family meals,equal,6,5,1,yes,TRUE
8b8d17f7778c77eb5318f74402e1b942,gifts,equal,4,5,1,yes,TRUE
8b8d17f7778c77eb5318f74402e1b942,meeting prep,less,4,4,0,yes,TRUE
8b8d17f7778c77eb5318f74402e1b942,restaurant,less,5,6,1,yes,TRUE
8b8d17f7778c77eb5318f74402e1b942,meeting location,less,5,4,1,yes,TRUE
8b8d17f7778c77eb5318f74402e1b942,police,equal,5,5,2,yes,TRUE
8b8d17f7778c77eb5318f74402e1b942,coffee,more,6,6,1,yes,TRUE
8b8d17f7778c77eb5318f74402e1b942,groceries,less,5,6,0,yes,TRUE
8b8d17f7778c77eb5318f74402e1b942,fundraising,more,5,4,0,yes,TRUE
8b8d17f7778c77eb5318f74402e1b942,feedback,less,5,4,1,yes,TRUE
8b8d17f7778c77eb5318f74402e1b942,group project,less,5,4,0,yes,TRUE
8b8d17f7778c77eb5318f74402e1b942,concerts,equal,5,4,1,yes,TRUE
8b8d17f7778c77eb5318f74402e1b942,babysitting,more,5,6,0,yes,TRUE
8b8d17f7778c77eb5318f74402e1b942,housemates,equal,5,6,1,yes,TRUE
8b8d17f7778c77eb5318f74402e1b942,conversation,less,6,5,0,yes,TRUE
8b8d17f7778c77eb5318f74402e1b942,scheduling,more,5,4,1,yes,TRUE
8b8d17f7778c77eb5318f74402e1b942,architects,equal,5,6,1,yes,TRUE
ffd6aa08f09506828aa4a63e091ee44b,fundraising,more,4,5,1,yes,TRUE
ffd6aa08f09506828aa4a63e091ee44b,architects,less,4,4,1,yes,TRUE
ffd6aa08f09506828aa4a63e091ee44b,coffee,more,4,4,1,yes,TRUE
ffd6aa08f09506828aa4a63e091ee44b,family meals,more,3,5,3,yes,TRUE
ffd6aa08f09506828aa4a63e091ee44b,meeting location,equal,5,3,2,yes,TRUE
ffd6aa08f09506828aa4a63e091ee44b,gifts,more,5,5,1,yes,TRUE
ffd6aa08f09506828aa4a63e091ee44b,feedback,less,5,5,1,yes,TRUE
ffd6aa08f09506828aa4a63e091ee44b,scheduling,less,5,2,2,yes,TRUE
ffd6aa08f09506828aa4a63e091ee44b,babysitting,less,5,5,2,yes,TRUE
ffd6aa08f09506828aa4a63e091ee44b,police,more,5,5,1,yes,TRUE
ffd6aa08f09506828aa4a63e091ee44b,groceries,equal,5,5,NA,yes,TRUE
ffd6aa08f09506828aa4a63e091ee44b,restaurant,less,4,5,1,yes,TRUE
ffd6aa08f09506828aa4a63e091ee44b,housemates,more,4,5,1,yes,TRUE
ffd6aa08f09506828aa4a63e091ee44b,weekend,less,4,5,1,yes,TRUE
ffd6aa08f09506828aa4a63e091ee44b,concerts,equal,4,5,3,yes,TRUE
ffd6aa08f09506828aa4a63e091ee44b,conversation,equal,4,5,2,yes,TRUE
ffd6aa08f09506828aa4a63e091ee44b,group project,equal,4,5,2,yes,TRUE
ffd6aa08f09506828aa4a63e091ee44b,meeting prep,equal,5,5,2,yes,TRUE
eff936007229ecb0ce6c1bcf7614ba99,housemates,more,5,5,2,yes,TRUE
eff936007229ecb0ce6c1bcf7614ba99,weekend,less,2,2,5,yes,TRUE
eff936007229ecb0ce6c1bcf7614ba99,feedback,equal,5,5,5,yes,TRUE
eff936007229ecb0ce6c1bcf7614ba99,groceries,more,5,5,5,yes,TRUE
eff936007229ecb0ce6c1bcf7614ba99,fundraising,more,5,5,5,yes,TRUE
eff936007229ecb0ce6c1bcf7614ba99,babysitting,equal,5,5,5,yes,TRUE
eff936007229ecb0ce6c1bcf7614ba99,concerts,equal,5,5,5,yes,TRUE
eff936007229ecb0ce6c1bcf7614ba99,scheduling,more,4,4,4,yes,TRUE
eff936007229ecb0ce6c1bcf7614ba99,architects,equal,5,5,5,yes,TRUE
eff936007229ecb0ce6c1bcf7614ba99,family meals,equal,5,5,5,yes,TRUE
eff936007229ecb0ce6c1bcf7614ba99,meeting location,more,5,5,5,yes,TRUE
eff936007229ecb0ce6c1bcf7614ba99,restaurant,less,5,5,5,yes,TRUE
eff936007229ecb0ce6c1bcf7614ba99,coffee,less,5,5,5,yes,TRUE
eff936007229ecb0ce6c1bcf7614ba99,meeting prep,less,5,5,5,yes,TRUE
eff936007229ecb0ce6c1bcf7614ba99,police,less,5,5,5,yes,TRUE
eff936007229ecb0ce6c1bcf7614ba99,gifts,less,5,5,5,yes,TRUE
eff936007229ecb0ce6c1bcf7614ba99,group project,more,5,5,5,yes,TRUE
eff936007229ecb0ce6c1bcf7614ba99,conversation,equal,4,4,4,yes,TRUE
a38aa3bf74461b388afe161d6ee09dc0,meeting location,less,5,6,5,yes,TRUE
a38aa3bf74461b388afe161d6ee09dc0,coffee,more,6,5,0,yes,TRUE
a38aa3bf74461b388afe161d6ee09dc0,gifts,more,6,6,0,yes,TRUE
a38aa3bf74461b388afe161d6ee09dc0,feedback,equal,6,5,1,yes,TRUE
a38aa3bf74461b388afe161d6ee09dc0,conversation,less,5,6,1,yes,TRUE
a38aa3bf74461b388afe161d6ee09dc0,scheduling,more,5,4,1,yes,TRUE
a38aa3bf74461b388afe161d6ee09dc0,family meals,equal,5,6,0,yes,TRUE
a38aa3bf74461b388afe161d6ee09dc0,housemates,equal,5,6,0,yes,TRUE
a38aa3bf74461b388afe161d6ee09dc0,architects,equal,5,6,0,yes,TRUE
a38aa3bf74461b388afe161d6ee09dc0,group project,less,5,6,0,yes,TRUE
a38aa3bf74461b388afe161d6ee09dc0,fundraising,more,4,5,0,yes,TRUE
a38aa3bf74461b388afe161d6ee09dc0,restaurant,less,5,6,0,yes,TRUE
a38aa3bf74461b388afe161d6ee09dc0,concerts,equal,5,4,1,yes,TRUE
a38aa3bf74461b388afe161d6ee09dc0,groceries,less,5,6,1,yes,TRUE
a38aa3bf74461b388afe161d6ee09dc0,police,equal,5,6,0,yes,TRUE
a38aa3bf74461b388afe161d6ee09dc0,weekend,less,5,6,1,yes,TRUE
a38aa3bf74461b388afe161d6ee09dc0,meeting prep,less,5,6,1,yes,TRUE
a38aa3bf74461b388afe161d6ee09dc0,babysitting,more,5,6,2,yes,TRUE
9bb39cdead96471e398db6c8cb9ab606,fundraising,less,5,6,1,yes,TRUE
9bb39cdead96471e398db6c8cb9ab606,meeting prep,equal,4,6,0,yes,TRUE
9bb39cdead96471e398db6c8cb9ab606,groceries,equal,5,6,1,yes,TRUE
9bb39cdead96471e398db6c8cb9ab606,family meals,more,4,4,0,yes,TRUE
9bb39cdead96471e398db6c8cb9ab606,gifts,more,5,6,0,yes,TRUE
9bb39cdead96471e398db6c8cb9ab606,conversation,more,5,6,0,yes,TRUE
9bb39cdead96471e398db6c8cb9ab606,housemates,more,5,6,0,yes,TRUE
9bb39cdead96471e398db6c8cb9ab606,coffee,less,5,5,1,yes,TRUE
9bb39cdead96471e398db6c8cb9ab606,meeting location,equal,5,6,0,yes,TRUE
9bb39cdead96471e398db6c8cb9ab606,weekend,less,5,4,0,yes,TRUE
9bb39cdead96471e398db6c8cb9ab606,group project,equal,5,6,1,yes,TRUE
9bb39cdead96471e398db6c8cb9ab606,restaurant,equal,5,6,1,yes,TRUE
9bb39cdead96471e398db6c8cb9ab606,architects,more,5,4,0,yes,TRUE
9bb39cdead96471e398db6c8cb9ab606,concerts,more,6,5,1,yes,TRUE
9bb39cdead96471e398db6c8cb9ab606,police,more,6,5,0,yes,TRUE
9bb39cdead96471e398db6c8cb9ab606,scheduling,less,5,5,1,yes,TRUE
9bb39cdead96471e398db6c8cb9ab606,babysitting,less,5,6,1,yes,TRUE
9bb39cdead96471e398db6c8cb9ab606,feedback,equal,5,4,1,yes,TRUE
6a7e3bd000940b11f94a51d65082f360,police,equal,1,5,3,yes,TRUE
6a7e3bd000940b11f94a51d65082f360,gifts,less,2,2,3,yes,TRUE
6a7e3bd000940b11f94a51d65082f360,meeting prep,less,3,3,2,yes,TRUE
6a7e3bd000940b11f94a51d65082f360,groceries,more,5,5,1,yes,TRUE
6a7e3bd000940b11f94a51d65082f360,housemates,more,5,3,3,yes,TRUE
6a7e3bd000940b11f94a51d65082f360,scheduling,more,4,5,1,yes,TRUE
6a7e3bd000940b11f94a51d65082f360,coffee,less,3,3,0,yes,TRUE
6a7e3bd000940b11f94a51d65082f360,architects,equal,5,5,1,yes,TRUE
6a7e3bd000940b11f94a51d65082f360,meeting location,less,5,1,1,yes,TRUE
6a7e3bd000940b11f94a51d65082f360,group project,more,5,1,1,yes,TRUE
6a7e3bd000940b11f94a51d65082f360,concerts,more,NA,1,1,yes,TRUE
6a7e3bd000940b11f94a51d65082f360,weekend,less,5,3,1,yes,TRUE
6a7e3bd000940b11f94a51d65082f360,family meals,equal,5,5,1,yes,TRUE
6a7e3bd000940b11f94a51d65082f360,babysitting,equal,3,3,1,yes,TRUE
6a7e3bd000940b11f94a51d65082f360,restaurant,less,5,5,1,yes,TRUE
6a7e3bd000940b11f94a51d65082f360,conversation,equal,5,5,1,yes,TRUE
6a7e3bd000940b11f94a51d65082f360,feedback,equal,5,5,1,yes,TRUE
6a7e3bd000940b11f94a51d65082f360,fundraising,more,5,5,1,yes,TRUE
fecad627a8e6a0785ee47ae527c7aab1,groceries,more,4,5,1,yes,TRUE
fecad627a8e6a0785ee47ae527c7aab1,fundraising,equal,4,NA,2,yes,TRUE
fecad627a8e6a0785ee47ae527c7aab1,scheduling,equal,5,4,1,yes,TRUE
fecad627a8e6a0785ee47ae527c7aab1,babysitting,equal,6,5,1,yes,TRUE
fecad627a8e6a0785ee47ae527c7aab1,weekend,equal,4,5,2,yes,TRUE
fecad627a8e6a0785ee47ae527c7aab1,conversation,more,6,1,1,yes,TRUE
fecad627a8e6a0785ee47ae527c7aab1,coffee,less,5,4,3,yes,TRUE
fecad627a8e6a0785ee47ae527c7aab1,group project,more,4,5,0,yes,TRUE
fecad627a8e6a0785ee47ae527c7aab1,police,less,5,4,0,yes,TRUE
fecad627a8e6a0785ee47ae527c7aab1,architects,equal,5,4,1,yes,TRUE
fecad627a8e6a0785ee47ae527c7aab1,feedback,more,6,3,4,yes,TRUE
fecad627a8e6a0785ee47ae527c7aab1,family meals,less,5,4,1,yes,TRUE
fecad627a8e6a0785ee47ae527c7aab1,concerts,more,4,5,1,yes,TRUE
fecad627a8e6a0785ee47ae527c7aab1,housemates,less,6,1,0,yes,TRUE
fecad627a8e6a0785ee47ae527c7aab1,restaurant,equal,5,4,0,yes,TRUE
fecad627a8e6a0785ee47ae527c7aab1,gifts,less,4,5,1,yes,TRUE
fecad627a8e6a0785ee47ae527c7aab1,meeting location,more,5,4,1,yes,TRUE
fecad627a8e6a0785ee47ae527c7aab1,meeting prep,more,5,6,0,yes,TRUE
2857513d38d4e784781f627fed86d8fc,restaurant,more,1,6,4,yes,TRUE
2857513d38d4e784781f627fed86d8fc,concerts,less,0,6,1,yes,TRUE
2857513d38d4e784781f627fed86d8fc,meeting location,more,0,6,1,yes,TRUE
2857513d38d4e784781f627fed86d8fc,meeting prep,more,2,5,0,yes,TRUE
2857513d38d4e784781f627fed86d8fc,conversation,equal,5,1,3,yes,TRUE
2857513d38d4e784781f627fed86d8fc,police,less,6,1,1,yes,TRUE
2857513d38d4e784781f627fed86d8fc,coffee,equal,5,5,0,yes,TRUE
2857513d38d4e784781f627fed86d8fc,gifts,less,4,6,0,yes,TRUE
2857513d38d4e784781f627fed86d8fc,scheduling,equal,5,4,2,yes,TRUE
2857513d38d4e784781f627fed86d8fc,weekend,equal,2,5,1,yes,TRUE
2857513d38d4e784781f627fed86d8fc,architects,less,6,4,0,yes,TRUE
2857513d38d4e784781f627fed86d8fc,babysitting,equal,0,5,1,yes,TRUE
2857513d38d4e784781f627fed86d8fc,family meals,less,5,2,1,yes,TRUE
2857513d38d4e784781f627fed86d8fc,groceries,more,1,6,4,yes,TRUE
2857513d38d4e784781f627fed86d8fc,group project,more,5,0,0,yes,TRUE
2857513d38d4e784781f627fed86d8fc,fundraising,equal,5,5,0,yes,TRUE
2857513d38d4e784781f627fed86d8fc,feedback,more,5,6,2,yes,TRUE
2857513d38d4e784781f627fed86d8fc,housemates,less,5,4,4,yes,TRUE
7aef522fe2f0cda35e72ab1d497a01d8,meeting prep,more,5,4,1,yes,TRUE
7aef522fe2f0cda35e72ab1d497a01d8,conversation,more,5,6,0,yes,TRUE
7aef522fe2f0cda35e72ab1d497a01d8,fundraising,equal,5,5,1,yes,TRUE
7aef522fe2f0cda35e72ab1d497a01d8,housemates,less,5,6,0,yes,TRUE
7aef522fe2f0cda35e72ab1d497a01d8,concerts,more,4,6,0,yes,TRUE
7aef522fe2f0cda35e72ab1d497a01d8,police,less,5,6,0,yes,TRUE
7aef522fe2f0cda35e72ab1d497a01d8,feedback,more,5,6,0,yes,TRUE
7aef522fe2f0cda35e72ab1d497a01d8,gifts,less,4,6,0,yes,TRUE
7aef522fe2f0cda35e72ab1d497a01d8,weekend,equal,5,5,0,yes,TRUE
7aef522fe2f0cda35e72ab1d497a01d8,family meals,less,4,6,0,yes,TRUE
7aef522fe2f0cda35e72ab1d497a01d8,coffee,less,5,6,0,yes,TRUE
7aef522fe2f0cda35e72ab1d497a01d8,groceries,equal,4,6,0,yes,TRUE
7aef522fe2f0cda35e72ab1d497a01d8,babysitting,equal,5,6,0,yes,TRUE
7aef522fe2f0cda35e72ab1d497a01d8,meeting location,more,4,6,1,yes,TRUE
7aef522fe2f0cda35e72ab1d497a01d8,restaurant,equal,5,5,1,yes,TRUE
7aef522fe2f0cda35e72ab1d497a01d8,architects,more,5,4,1,yes,TRUE
7aef522fe2f0cda35e72ab1d497a01d8,group project,more,5,4,1,yes,TRUE
7aef522fe2f0cda35e72ab1d497a01d8,scheduling,equal,5,5,1,yes,TRUE
6575fb93a89b07021b41c911a27ca07e,coffee,more,4,6,0,yes,TRUE
6575fb93a89b07021b41c911a27ca07e,feedback,less,5,4,5,yes,TRUE
6575fb93a89b07021b41c911a27ca07e,groceries,equal,5,5,0,yes,TRUE
6575fb93a89b07021b41c911a27ca07e,architects,more,5,6,0,yes,TRUE
6575fb93a89b07021b41c911a27ca07e,weekend,more,3,2,0,yes,TRUE
6575fb93a89b07021b41c911a27ca07e,meeting location,equal,3,3,0,yes,TRUE
6575fb93a89b07021b41c911a27ca07e,conversation,more,6,2,0,yes,TRUE
6575fb93a89b07021b41c911a27ca07e,meeting prep,more,6,2,0,yes,TRUE
6575fb93a89b07021b41c911a27ca07e,fundraising,equal,5,5,0,yes,TRUE
6575fb93a89b07021b41c911a27ca07e,gifts,equal,4,5,0,yes,TRUE
6575fb93a89b07021b41c911a27ca07e,babysitting,less,5,4,0,yes,TRUE
6575fb93a89b07021b41c911a27ca07e,police,more,2,6,0,yes,TRUE
6575fb93a89b07021b41c911a27ca07e,family meals,less,5,5,0,yes,TRUE
6575fb93a89b07021b41c911a27ca07e,group project,less,4,5,0,yes,TRUE
6575fb93a89b07021b41c911a27ca07e,restaurant,more,5,6,0,yes,TRUE
6575fb93a89b07021b41c911a27ca07e,scheduling,equal,2,5,0,yes,TRUE
6575fb93a89b07021b41c911a27ca07e,housemates,equal,2,5,0,yes,TRUE
6575fb93a89b07021b41c911a27ca07e,concerts,less,5,5,0,yes,TRUE
a79e22a2bccfa60dc416883e3239c616,babysitting,more,5,5,3,yes,TRUE
a79e22a2bccfa60dc416883e3239c616,meeting prep,less,5,3,4,yes,TRUE
a79e22a2bccfa60dc416883e3239c616,housemates,equal,5,3,1,yes,TRUE
a79e22a2bccfa60dc416883e3239c616,gifts,equal,3,1,2,yes,TRUE
a79e22a2bccfa60dc416883e3239c616,concerts,less,5,4,1,yes,TRUE
a79e22a2bccfa60dc416883e3239c616,fundraising,more,5,4,3,yes,TRUE
a79e22a2bccfa60dc416883e3239c616,scheduling,more,5,5,1,yes,TRUE
a79e22a2bccfa60dc416883e3239c616,family meals,equal,2,6,2,yes,TRUE
a79e22a2bccfa60dc416883e3239c616,restaurant,more,2,4,2,yes,TRUE
a79e22a2bccfa60dc416883e3239c616,meeting location,less,6,NA,1,yes,TRUE
a79e22a2bccfa60dc416883e3239c616,weekend,more,5,4,3,yes,TRUE
a79e22a2bccfa60dc416883e3239c616,group project,less,2,5,3,yes,TRUE
a79e22a2bccfa60dc416883e3239c616,coffee,equal,5,5,2,yes,TRUE
a79e22a2bccfa60dc416883e3239c616,conversation,equal,1,5,0,yes,TRUE
a79e22a2bccfa60dc416883e3239c616,groceries,less,4,5,3,yes,TRUE
a79e22a2bccfa60dc416883e3239c616,architects,more,NA,NA,NA,yes,TRUE
a79e22a2bccfa60dc416883e3239c616,feedback,less,5,2,2,yes,TRUE
a79e22a2bccfa60dc416883e3239c616,police,equal,5,4,3,yes,TRUE
